{
  "type": "FeatureCollection",
  "features": [
    {"type":"Feature","properties":{"id":"UN-NT_CTR_6(E)","minFL":150,"maxFL":189},"geometry":{"type":"MultiPolygon","coordinates":[[[[84.75,53.983333333333334],[85.38333333333334,54.233333333333334],[85.38333333333334,54.233333333333334],[85.48333333333333,54.35],[85.48333333333333,54.35],[85.75,54.45],[85.75,54.45],[87,54.513333333333335],[87,54.513333333333335],[87.5,54.53333333333333],[87.5,54.53333333333333],[87.91666666666667,54.55],[87.91666666666667,54.55],[88.68333333333334,54.516666666666666],[88.68333333333334,54.516666666666666],[89.05,52.833333333333336],[89.05,52.833333333333336],[88.6,52.083333333333336],[88.6,52.083333333333336],[87.11666666666666,52.25],[87.11666666666666,52.25],[86.91833333333334,52.434999999999995],[86.91833333333334,52.434999999999995],[86.72,52.61833333333333],[86.72,52.61833333333333],[86.46666666666667,52.85],[86.46666666666667,52.85],[85.61666666666666,53.083333333333336],[85.61666666666666,53.083333333333336],[85.4,53.43333333333333],[85.4,53.43333333333333],[84.75,53.983333333333334]]]]}},
    {"type":"Feature","properties":{"id":"UN-NT_CTR_6(D)","minFL":180,"maxFL":189},"geometry":{"type":"MultiPolygon","coordinates":[[[[89.66666666666667,49.933055555555555],[89.45,51],[88.28333333333333,51.53333333333333],[88.6,52.083333333333336],[87.11666666666666,52.25],[86.36777777777777,51.92444444444444],[86.05,51.78333333333333],[85.36305555555555,51.735],[84.9,51.7],[83.43805555555556,51.01138888888889],[83.41666666666667,50.96666666666667],[83.79972222222221,50.875],[83.96666666666667,50.77472222222222],[83.96666666666667,50.71666666666667],[84.21666666666667,50.5],[84.19166666666668,50.458333333333336],[84.25,50.349722222222226],[84.21666666666667,50.29972222222222],[84.34972222222221,50.21666666666667],[84.46666666666667,50.233333333333334],[84.81638888888888,50.13305555555556],[84.83305555555555,50.083333333333336],[84.93333333333334,50.083333333333336],[85.04972222222221,50],[84.98333333333333,50],[85,49.89138888888889],[85.09972222222221,49.88333333333333],[85.2,49.71666666666667],[85.2,49.61666666666667],[85.34972222222221,49.575],[85.4,49.56666666666667],[85.54972222222221,49.6],[85.68333333333334,49.54138888888889],[85.75833333333334,49.558055555555555],[85.93333333333334,49.54138888888889],[85.9,49.5],[85.98333333333333,49.483333333333334],[86.08305555555555,49.51638888888889],[86.16666666666667,49.45],[86.23333333333333,49.583333333333336],[86.4,49.64972222222222],[86.59972222222221,49.808055555555555],[86.79972222222221,49.8],[86.76638888888888,49.7],[86.63333333333334,49.64972222222222],[86.65,49.56666666666667],[86.78305555555555,49.54972222222222],[86.83305555555555,49.51638888888889],[86.79972222222221,49.39972222222222],[86.90805555555556,49.36666666666667],[86.89972222222222,49.35],[86.93333333333334,49.29972222222222],[87,49.29972222222222],[87.03305555555555,49.249722222222225],[87.26638888888888,49.21666666666667],[87.26694444444445,49.11805555555556],[87.41666666666667,49.083333333333336],[87.83333333333333,49.18333333333333],[88.13333333333334,49.25],[88.1,49.36666666666667],[88.18333333333334,49.46666666666667],[88.63333333333334,49.516666666666666],[88.86666666666666,49.45],[88.91666666666667,49.55],[88.98333333333333,49.46666666666667],[89.21666666666667,49.55],[89.23333333333333,49.65],[89.38333333333334,49.583333333333336],[89.68333333333334,49.7],[89.75,49.78333333333333],[89.63333333333334,49.81666666666667],[89.66666666666667,49.933055555555555]]]]}},
    {"type":"Feature","properties":{"id":"UN-NT_CTR_6(C)","minFL":110,"maxFL":189},"geometry":{"type":"MultiPolygon","coordinates":[[[[82.11666666666666,50.74666666666667],[82.11666666666666,51.46666666666667],[82.91666666666667,51.46666666666667],[83.58333333333333,52.06666666666667],[84.99444444444444,52.38333333333333],[85.38333333333334,52.46666666666667],[86.05916666666667,52.54472222222222],[86.72,52.61833333333333],[86.91833333333334,52.434999999999995],[87.11666666666666,52.25],[86.36777777777777,51.92444444444444],[86.05,51.78333333333333],[85.36305555555555,51.735],[84.9,51.7],[83.43805555555556,51.01138888888889],[83.11638888888888,51],[83.09166666666667,50.94138888888889],[82.98333333333333,50.908055555555556],[82.75,50.933055555555555],[82.71666666666667,50.933055555555555],[82.59972222222221,50.75861111111111],[82.56638888888888,50.75],[82.28333333333333,50.76638888888889],[82.2,50.725],[82.11666666666666,50.74666666666667]]]]}},
    {"type":"Feature","properties":{"id":"UN-NT_CTR_6(A)","minFL":60,"maxFL":189},"geometry":{"type":"MultiPolygon","coordinates":[[[[77.42,53.54972222222222],[77.42666666666668,53.55166666666666],[79.58333333333333,54],[81.73166666666667,54.026666666666664],[82.30749999999999,54.03388888888889],[82.22333333333333,53.55888888888889],[82.29555555555555,53.34444444444445],[82.86333333333333,53.17166666666667],[84.27833333333334,53.28],[84.50166666666667,53.50833333333333],[84.23333333333333,53.90833333333333],[83.98333333333333,54.06333333333333],[84.75,53.983333333333334],[85.4,53.43333333333333],[85.61666666666666,53.083333333333336],[86.46666666666667,52.85],[86.72,52.61833333333333],[86.05916666666667,52.54472222222222],[85.38333333333334,52.46666666666667],[84.99444444444444,52.38333333333333],[83.58333333333333,52.06666666666667],[82.91666666666667,51.46666666666667],[82.11666666666666,51.46666666666667],[82.11666666666666,50.74666666666667],[82.01638888888888,50.79138888888889],[81.86638888888888,50.79972222222222],[81.81638888888888,50.76638888888889],[81.78305555555555,50.81666666666667],[81.75,50.75805555555556],[81.54972222222221,50.75],[81.43333333333334,50.75805555555556],[81.46666666666667,50.833333333333336],[81.41638888888889,50.88305555555556],[81.43333333333334,50.92472222222222],[81.38333333333334,50.975],[81.16666666666667,50.933055555555555],[81.04972222222221,50.94138888888889],[81.16666666666667,51.175],[81.11666666666666,51.21666666666667],[81.06638888888888,51.16638888888889],[80.91666666666667,51.2],[80.92500000000001,51.25],[80.66666666666667,51.29972222222222],[80.63333333333334,51.2],[80.45,51.2],[80.43333333333334,51.13305555555556],[80.48333333333333,51.1],[80.48333333333333,50.96666666666667],[80.42500000000001,50.96666666666667],[80.36638888888888,50.933055555555555],[80.25,50.91638888888889],[80.18333333333334,50.88305555555556],[80.19166666666668,50.825],[80.06638888888888,50.825],[80.08305555555555,50.73305555555556],[79.85249999999999,51.028055555555554],[79,52.13305555555556],[77.91666666666667,53.283055555555556],[77.42,53.54972222222222]]]]}},
    {"type":"Feature","properties":{"id":"UN-NT_CTR_6","minFL":190,"maxFL":599},"geometry":{"type":"MultiPolygon","coordinates":[[[[88.68333333333334,54.516666666666666],[89.05,52.833333333333336],[88.6,52.083333333333336],[88.28333333333333,51.53333333333333],[89.45,51],[89.66666666666667,49.933055555555555],[89.63333333333334,49.81666666666667],[89.75,49.78333333333333],[89.68333333333334,49.7],[89.38333333333334,49.583333333333336],[89.23333333333333,49.65],[89.21666666666667,49.55],[88.98333333333333,49.46666666666667],[88.91666666666667,49.55],[88.86666666666666,49.45],[88.63333333333334,49.516666666666666],[88.18333333333334,49.46666666666667],[88.1,49.36666666666667],[88.13333333333334,49.25],[87.83333333333333,49.18333333333333],[87.41666666666667,49.083333333333336],[87.26694444444445,49.11805555555556],[87.26638888888888,49.21666666666667],[87.03305555555555,49.249722222222225],[87,49.29972222222222],[86.93333333333334,49.29972222222222],[86.89972222222222,49.35],[86.90805555555556,49.36666666666667],[86.79972222222221,49.39972222222222],[86.83305555555555,49.51638888888889],[86.78305555555555,49.54972222222222],[86.65,49.56666666666667],[86.63333333333334,49.64972222222222],[86.76638888888888,49.7],[86.79972222222221,49.8],[86.59972222222221,49.808055555555555],[86.4,49.64972222222222],[86.23333333333333,49.583333333333336],[86.16666666666667,49.45],[86.08305555555555,49.51638888888889],[85.98333333333333,49.483333333333334],[85.9,49.5],[85.93333333333334,49.54138888888889],[85.75833333333334,49.558055555555555],[85.68333333333334,49.54138888888889],[85.54972222222221,49.6],[85.4,49.56666666666667],[85.34972222222221,49.575],[85.2,49.61666666666667],[85.2,49.71666666666667],[85.09972222222221,49.88333333333333],[85,49.89138888888889],[84.98333333333333,50],[85.04972222222221,50],[84.93333333333334,50.083333333333336],[84.83305555555555,50.083333333333336],[84.81638888888888,50.13305555555556],[84.46666666666667,50.233333333333334],[84.34972222222221,50.21666666666667],[84.21666666666667,50.29972222222222],[84.25,50.349722222222226],[84.19166666666668,50.458333333333336],[84.21666666666667,50.5],[83.96666666666667,50.71666666666667],[83.96666666666667,50.77472222222222],[83.79972222222221,50.875],[83.41666666666667,50.96666666666667],[83.43805555555556,51.01138888888889],[83.11638888888888,51],[83.09166666666667,50.94138888888889],[82.98333333333333,50.908055555555556],[82.75,50.933055555555555],[82.71666666666667,50.933055555555555],[82.59972222222221,50.75861111111111],[82.56638888888888,50.75],[82.28333333333333,50.76638888888889],[82.2,50.725],[82.11666666666666,50.74666666666667],[82.01638888888888,50.79138888888889],[81.86638888888888,50.79972222222222],[81.81638888888888,50.76638888888889],[81.78305555555555,50.81666666666667],[81.75,50.75805555555556],[81.54972222222221,50.75],[81.43333333333334,50.75805555555556],[81.46666666666667,50.833333333333336],[81.41638888888889,50.88305555555556],[81.43333333333334,50.92472222222222],[81.38333333333334,50.975],[81.16666666666667,50.933055555555555],[81.04972222222221,50.94138888888889],[81.16666666666667,51.175],[81.11666666666666,51.21666666666667],[81.06638888888888,51.16638888888889],[80.91666666666667,51.2],[80.92500000000001,51.25],[80.66666666666667,51.29972222222222],[80.63333333333334,51.2],[80.45,51.2],[80.43333333333334,51.13305555555556],[80.48333333333333,51.1],[80.48333333333333,50.96666666666667],[80.42500000000001,50.96666666666667],[80.36638888888888,50.933055555555555],[80.25,50.91638888888889],[80.18333333333334,50.88305555555556],[80.19166666666668,50.825],[80.06638888888888,50.825],[80.08305555555555,50.73305555555556],[79.85249999999999,51.028055555555554],[79,52.13305555555556],[77.91666666666667,53.283055555555556],[77.42,53.54972222222222],[77.42666666666668,53.55166666666666],[79.58333333333333,54],[81.73166666666667,54.026666666666664],[82.30749999999999,54.03388888888889],[82.78333333333333,54.026666666666664],[83.40333333333334,54.12166666666667],[83.98333333333333,54.06333333333333],[84.75,53.983333333333334],[85.38333333333334,54.233333333333334],[85.48333333333333,54.35],[85.75,54.45],[87,54.513333333333335],[87.5,54.53333333333333],[87.91666666666667,54.55],[88.68333333333334,54.516666666666666]]]]}},
    {"type":"Feature","properties":{"id":"UN-NT_CTR_9(C)","minFL":150,"maxFL":189},"geometry":{"type":"MultiPolygon","coordinates":[[[[84.97972222222222,55.382777777777775],[85.2,55.5],[85.2,55.71666666666667],[85.06666666666666,55.8],[86,56.083333333333336],[86.15,55.266666666666666],[84.97972222222222,55.382777777777775]]]]}},
    {"type":"Feature","properties":{"id":"UN-NT_CTR_9(B)","minFL":190,"maxFL":599},"geometry":{"type":"MultiPolygon","coordinates":[[[[86.15,55.266666666666666],[84.97972222222222,55.382777777777775],[84.71666666666667,55.4],[84.13333333333334,55.46666666666667],[82.4,55.28333333333333],[82.26166666666667,56.019999999999996],[82.18333333333334,56.05],[81.71666666666667,56.3],[81.11222222222221,57.13111111111111],[82.06666666666666,57.016666666666666],[83.88166666666666,57.10166666666667],[84.73666666666666,57.13166666666667],[84.97333333333333,57.151666666666664],[86,57],[86,56.083333333333336],[86.15,55.266666666666666]]]]}},
    {"type":"Feature","properties":{"id":"UN-NT_CTR_9","minFL":60,"maxFL":189},"geometry":{"type":"MultiPolygon","coordinates":[[[[82.26166666666667,56.019999999999996],[82.44,56.05833333333333],[82.52333333333333,56.06666666666667],[82.63333333333334,56.083333333333336],[83.2,56.18333333333333],[83.88166666666666,57.10166666666667],[82.06666666666666,57.016666666666666],[81.11222222222221,57.13111111111111],[81.71666666666667,56.3],[82.18333333333334,56.05],[82.26166666666667,56.019999999999996]]]]}},
    {"type":"Feature","properties":{"id":"UN-NT_CTR_8(A)","minFL":60,"maxFL":264},"geometry":{"type":"MultiPolygon","coordinates":[[[[72,57.94],[73.61333333333333,57.845],[73.75,56.25],[73.61638888888888,56.15555555555555],[71.2238888888889,55.61527777777778],[71.02166666666666,55.08527777777778],[71,55.058055555555555],[70.79972222222221,55.29972222222222],[70.61638888888888,55.26638888888889],[70.45,55.283055555555556],[70.4,55.2],[70.16666666666667,55.125],[70.03305555555555,55.183055555555555],[69.93333333333334,55.2],[69.84972222222221,55.29972222222222],[69.61666666666666,55.358333333333334],[69.48333333333333,55.35],[69.41666666666667,55.375],[69.19166666666668,55.333333333333336],[69.15833333333335,55.39138888888889],[69.21666666666667,55.66638888888889],[69.35666666666665,55.82055555555556],[69.59888888888888,56.083333333333336],[69.65194444444445,56.14333333333333],[70.01361111111112,56.52027777777778],[70.22194444444445,56.733333333333334],[70.81361111111111,57.35166666666667],[71.16555555555556,57.70027777777778],[72,57.94]]]]}},
    {"type":"Feature","properties":{"id":"UN-NT_CTR_8","minFL":265,"maxFL":599},"geometry":{"type":"MultiPolygon","coordinates":[[[[71,55.058055555555555],[70.98333333333333,54.88305555555556],[71.09972222222221,54.725],[71.28305555555555,54.67472222222222],[71.3,54.61666666666667],[71.18333333333334,54.59166666666667],[71.21666666666667,54.36666666666667],[71.18333333333334,54.31666666666667],[71,54.35],[71.01638888888888,54.29138888888889],[71.08305555555555,54.283055555555556],[71.06638888888888,54.19972222222222],[71.19972222222222,54.1],[71.33305555555555,54.183055555555555],[71.5,54.158055555555556],[71.5,54.1],[71.73333333333333,54.11638888888889],[71.75,54.25],[72.01666666666667,54.233333333333334],[72.16666666666667,54.13305555555556],[72.18333333333334,54.19972222222222],[72.08333333333333,54.233333333333334],[72.13333333333334,54.29972222222222],[72.01666666666667,54.38305555555556],[72.18333333333334,54.375],[72.29972222222221,54.24166666666667],[72.29166666666667,54.183055555555555],[72.5,54.125],[72.33305555555555,54.1],[72.4,54.03333333333333],[72.36638888888888,53.94138888888889],[72.48333333333333,53.908055555555556],[72.54972222222221,53.983333333333334],[72.69972222222222,53.95],[72.65,54.04972222222222],[72.51638888888888,54.04972222222222],[72.59972222222221,54.13305555555556],[72.96666666666667,54.1],[73.06638888888888,53.99166666666667],[73.28305555555555,53.95],[73.4,53.95],[73.4,53.99166666666667],[73.53305555555555,53.94138888888889],[73.5,54],[73.59972222222221,54.03333333333333],[73.65,54.083333333333336],[73.73333333333333,54.058055555555555],[73.68333333333334,53.86666666666667],[73.45,53.88305555555556],[73.45,53.81638888888889],[73.34972222222221,53.79972222222222],[73.31638888888888,53.683055555555555],[73.25,53.683055555555555],[73.25,53.56666666666667],[73.4,53.533055555555556],[73.36666666666666,53.46666666666667],[73.45,53.45],[73.5,53.5],[73.59972222222221,53.54972222222222],[73.64166666666668,53.558055555555555],[73.66666666666667,53.625],[73.83305555555555,53.583333333333336],[73.9,53.65],[74.08333333333333,53.625],[74.04972222222221,53.558055555555555],[74.15,53.54972222222222],[74.16666666666667,53.6],[74.23333333333333,53.59166666666667],[74.28333333333333,53.48305555555556],[74.4,53.45],[74.48333333333333,53.575],[74.43333333333334,53.583333333333336],[74.46666666666667,53.683055555555555],[72.95,55.333333333333336],[73.23333333333333,55.88333333333333],[73.61638888888888,56.15555555555555],[73.75,56.25],[73.61333333333333,57.845],[72,57.94],[71.16555555555556,57.70027777777778],[70.81361111111111,57.35166666666667],[70.22194444444445,56.733333333333334],[70.01361111111112,56.52027777777778],[69.65194444444445,56.14333333333333],[69.59888888888888,56.083333333333336],[69.35666666666665,55.82055555555556],[69.21666666666667,55.66638888888889],[69.15833333333335,55.39138888888889],[69.19166666666668,55.333333333333336],[69.41666666666667,55.375],[69.48333333333333,55.35],[69.61666666666666,55.358333333333334],[69.84972222222221,55.29972222222222],[69.93333333333334,55.2],[70.03305555555555,55.183055555555555],[70.16666666666667,55.125],[70.4,55.2],[70.45,55.283055555555556],[70.61638888888888,55.26638888888889],[70.79972222222221,55.29972222222222],[71,55.058055555555555]]]]}},
    {"type":"Feature","properties":{"id":"UN-NT_CTR_7(A)","minFL":60,"maxFL":264},"geometry":{"type":"MultiPolygon","coordinates":[[[[75.38333333333334,54.083333333333336],[75.525,54.125],[75.59972222222221,54.1],[76.24166666666667,54.27472222222222],[76.19166666666668,54.29972222222222],[76.23305555555555,54.358333333333334],[76.33333333333333,54.333333333333336],[76.5,54.31666666666667],[76.55277777777778,54.33833333333334],[76.66666666666667,54.34166666666667],[76.71666666666667,54.433055555555555],[76.88333333333334,54.45],[76.93,54.455000000000005],[77.63333333333334,54.93333333333333],[78.3,55.36666666666667],[77,57.05],[74.93333333333334,57.3],[73.61333333333333,57.845],[73.75,56.25],[73.61638888888888,56.15555555555555],[73.92944444444444,56.225833333333334],[75.81638888888888,55.07361111111111],[75.38333333333334,54.083333333333336]]]]}},
    {"type":"Feature","properties":{"id":"UN-NT_CTR_7","minFL":265,"maxFL":599},"geometry":{"type":"MultiPolygon","coordinates":[[[[73.61638888888888,56.15555555555555],[73.23333333333333,55.88333333333333],[72.95,55.333333333333336],[74.46666666666667,53.683055555555555],[74.63333333333334,53.658055555555556],[74.66666666666667,53.75805555555556],[74.76638888888888,53.75],[74.8,53.81638888888889],[74.98333333333333,53.81638888888889],[75.01638888888888,53.783055555555556],[75.5,54],[75.38333333333334,54.083333333333336],[75.525,54.125],[75.59972222222221,54.1],[76.24166666666667,54.27472222222222],[76.19166666666668,54.29972222222222],[76.23305555555555,54.358333333333334],[76.33333333333333,54.333333333333336],[76.5,54.31666666666667],[76.55277777777778,54.33833333333334],[76.66666666666667,54.34166666666667],[76.71666666666667,54.433055555555555],[76.88333333333334,54.45],[76.93,54.455000000000005],[77.63333333333334,54.93333333333333],[78.3,55.36666666666667],[77,57.05],[74.93333333333334,57.3],[73.61333333333333,57.845],[73.75,56.25],[73.61638888888888,56.15555555555555]]]]}},
    {"type":"Feature","properties":{"id":"UN-NT_CTR_5","minFL":60,"maxFL":599},"geometry":{"type":"MultiPolygon","coordinates":[[[[81.11222222222221,57.13111111111111],[80.83333333333333,57.166666666666664],[80,57.25],[79.71333333333334,57.72833333333333],[79.68333333333334,58.68333333333333],[80.86666666666666,59.03333333333333],[80.16666666666667,60.66638888888889],[83,60.91638888888889],[87.93305555555555,58.75],[88.16666666666667,57.35],[88.66666666666667,56.666666666666664],[87.05,57],[86,57],[84.97333333333333,57.151666666666664],[84.73666666666666,57.13166666666667],[83.88166666666666,57.10166666666667],[82.06666666666666,57.016666666666666],[81.11222222222221,57.13111111111111]]]]}},
    {"type":"Feature","properties":{"id":"UN-NT_CTR_4(A)","minFL":60,"maxFL":69},"geometry":{"type":"MultiPolygon","coordinates":[[[[80.16666666666667,60.66638888888889],[79,60.78611111111111],[78.53861111111111,60.83833333333334],[78.56805555555555,60.78111111111111],[78.57944444444443,60.71055555555556],[78.56805555555555,60.640277777777776],[78.53444444444445,60.57194444444445],[78.47916666666667,60.507222222222225],[78.4038888888889,60.4475],[78.31027777777777,60.39416666666666],[78.20055555555555,60.348888888888894],[78.0775,60.3125],[77.94416666666667,60.28583333333333],[77.80388888888889,60.269444444444446],[77.66027777777778,60.26416666666667],[77.51638888888888,60.269444444444446],[77.3761111111111,60.28583333333333],[77.24277777777777,60.3125],[77.11972222222222,60.348888888888894],[77.01,60.39416666666666],[76.91638888888889,60.4475],[76.8411111111111,60.507222222222225],[76.80166666666666,60.55583333333333],[76.73527777777778,60.51305555555555],[76.48333333333333,60.35],[75.95305555555557,60.08277777777778],[75.28194444444445,59.75055555555556],[74.49861111111112,59.33361111111111],[74.0213888888889,59.08416666666667],[73.86666666666666,59],[73.68861111111111,58.86527777777778],[73.61083333333333,58.8],[73.17694444444444,58.466944444444444],[72.90361111111112,58.25694444444444],[72.79972222222221,58.16638888888889],[72.54694444444445,58.096111111111114],[72,57.94],[73.61333333333333,57.845],[74.93333333333334,57.3],[77,57.05],[79.71666666666667,57.28333333333333],[80,57.25],[79.71333333333334,57.72833333333333],[79.68333333333334,58.68333333333333],[80.86666666666666,59.03333333333333],[80.16666666666667,60.66638888888889]]]]}},
    {"type":"Feature","properties":{"id":"UN-NT_CTR_4","minFL":70,"maxFL":599},"geometry":{"type":"MultiPolygon","coordinates":[[[[80.16666666666667,60.66638888888889],[80.86666666666666,59.03333333333333],[79.68333333333334,58.68333333333333],[79.71333333333334,57.72833333333333],[80,57.25],[79.71666666666667,57.28333333333333],[77,57.05],[74.93333333333334,57.3],[73.61333333333333,57.845],[72,57.94],[72.54694444444445,58.096111111111114],[72.79972222222221,58.16638888888889],[72.90361111111112,58.25694444444444],[73.17694444444444,58.466944444444444],[73.61083333333333,58.8],[73.68861111111111,58.86527777777778],[73.86666666666666,59],[74.0213888888889,59.08416666666667],[74.49861111111112,59.33361111111111],[75.28194444444445,59.75055555555556],[75.95305555555557,60.08277777777778],[76.48333333333333,60.35],[76.73527777777778,60.51305555555555],[76.80166666666666,60.55583333333333],[76.87083333333332,60.60166666666667],[77.05,60.71666666666667],[77.03388888888888,60.83361111111111],[77.03333333333333,60.85],[77.38333333333334,60.95],[77.61055555555555,60.928888888888885],[77.96194444444444,60.89277777777778],[78.53861111111111,60.83833333333334],[79,60.78611111111111],[80.16666666666667,60.66638888888889]]]]}},
    {"type":"Feature","properties":{"id":"UN-NT_CTR_3(A)","minFL":60,"maxFL":149},"geometry":{"type":"MultiPolygon","coordinates":[[[[86,57],[86,56.083333333333336],[89.08333333333333,56.06666666666667],[88.66666666666667,56.666666666666664],[87.05,57],[86,57]]]]}},
    {"type":"Feature","properties":{"id":"UN-NT_CTR_3","minFL":150,"maxFL":599},"geometry":{"type":"MultiPolygon","coordinates":[[[[85.75,54.45],[87,54.513333333333335],[87.5,54.53333333333333],[87.91666666666667,54.55],[88.68333333333334,54.516666666666666],[88.66666666666667,54.583333333333336],[88.78305555555555,55],[88.97777777777777,55.69888888888889],[89.08333333333333,56.06666666666667],[88.66666666666667,56.666666666666664],[87.05,57],[86,57],[86,56.083333333333336],[86.15,55.266666666666666],[85.75,54.45]]]]}},
    {"type":"Feature","properties":{"id":"UN-NT_CTR_2(C)","minFL":150,"maxFL":189},"geometry":{"type":"MultiPolygon","coordinates":[[[[84.7,55.233333333333334],[84.66666666666667,54.833333333333336],[84.7,54.56666666666667],[85.48333333333333,54.35],[85.75,54.45],[86.15,55.266666666666666],[84.97972222222222,55.382777777777775],[84.7,55.233333333333334]]]]}},
    {"type":"Feature","properties":{"id":"UN-NT_CTR_2(A)","minFL":60,"maxFL":189},"geometry":{"type":"MultiPolygon","coordinates":[[[[85.48333333333333,54.35],[84.7,54.56666666666667],[84.66666666666667,54.833333333333336],[84.3,54.71666666666667],[84.26666666666667,54.67833333333333],[84.15,54.53333333333333],[84.13333333333334,54.5],[84.045,54.24166666666667],[83.98333333333333,54.06333333333333],[84.75,53.983333333333334],[85.38333333333334,54.233333333333334],[85.48333333333333,54.35]]]]}},
    {"type":"Feature","properties":{"id":"UN-NT_CTR_2","minFL":190,"maxFL":599},"geometry":{"type":"MultiPolygon","coordinates":[[[[86.15,55.266666666666666],[84.97972222222222,55.382777777777775],[84.71666666666667,55.4],[84.13333333333334,55.46666666666667],[82.4,55.28333333333333],[82.20666666666666,54.516666666666666],[81.73166666666667,54.026666666666664],[82.30749999999999,54.03388888888889],[82.78333333333333,54.026666666666664],[83.40333333333334,54.12166666666667],[83.98333333333333,54.06333333333333],[84.75,53.983333333333334],[85.38333333333334,54.233333333333334],[85.48333333333333,54.35],[85.75,54.45],[86.15,55.266666666666666]]]]}},
    {"type":"Feature","properties":{"id":"UN-NT_CTR_1(A)","minFL":60,"maxFL":189},"geometry":{"type":"MultiPolygon","coordinates":[[[[76.93,54.455000000000005],[77.63333333333334,54.93333333333333],[78.3,55.36666666666667],[77,57.05],[79.71666666666667,57.28333333333333],[80,57.25],[80.83333333333333,57.166666666666664],[81.11222222222221,57.13111111111111],[81.71666666666667,56.3],[82.18333333333334,56.05],[82.26166666666667,56.019999999999996],[81.86666666666666,55.916666666666664],[81.585,55.79333333333333],[81.25,55.61666666666667],[81.135,55.468333333333334],[81.01833333333333,55.32333333333334],[80.99166666666667,55.215],[80.93333333333334,54.93333333333333],[80.96666666666667,54.825],[81.02833333333334,54.60666666666667],[81.01666666666667,54.43333333333333],[81.73166666666667,54.026666666666664],[79.58333333333333,54],[77.42666666666668,53.55166666666666],[77.42,53.54972222222222],[76.54083333333332,54],[76.4,54.183055555555555],[76.68333333333334,54.13305555555556],[76.85,54.233333333333334],[76.86638888888888,54.36666666666667],[76.78305555555555,54.375],[76.93333333333334,54.433055555555555],[76.93,54.455000000000005]]]]}},
    {"type":"Feature","properties":{"id":"UN-NT_CTR_1","minFL":190,"maxFL":599},"geometry":{"type":"MultiPolygon","coordinates":[[[[81.11222222222221,57.13111111111111],[80.83333333333333,57.166666666666664],[80,57.25],[79.71666666666667,57.28333333333333],[77,57.05],[78.3,55.36666666666667],[77.63333333333334,54.93333333333333],[76.93,54.455000000000005],[76.93333333333334,54.433055555555555],[76.78305555555555,54.375],[76.86638888888888,54.36666666666667],[76.85,54.233333333333334],[76.68333333333334,54.13305555555556],[76.4,54.183055555555555],[76.54083333333332,54],[77.42,53.54972222222222],[77.42666666666668,53.55166666666666],[79.58333333333333,54],[81.73166666666667,54.026666666666664],[82.20666666666666,54.516666666666666],[82.31527777777778,54.934999999999995],[82.4,55.28333333333333],[82.26166666666667,56.019999999999996],[82.18333333333334,56.05],[81.71666666666667,56.3],[81.11222222222221,57.13111111111111]]]]}},
    {"type":"Feature","properties":{"id":"UN-NT_UNWW_TMA(B)","minFL":100,"maxFL":149},"geometry":{"type":"MultiPolygon","coordinates":[[[[86.91833333333334,52.434999999999995],[87.11666666666666,52.25],[88.6,52.083333333333336],[89.05,52.833333333333336],[88.68333333333334,54.516666666666666],[87.91666666666667,54.55],[87.5,54.53333333333333],[87.71666666666667,54],[88.11666666666666,53.7],[87.56666666666666,53.53333333333333],[87.3,53.2],[87.28333333333333,52.81666666666667],[86.91833333333334,52.434999999999995]]]]}},
    {"type":"Feature","properties":{"id":"UN-NT_UNWW_TMA(A)","minFL":60,"maxFL":149},"geometry":{"type":"MultiPolygon","coordinates":[[[[85.4,53.43333333333333],[85.61666666666666,53.083333333333336],[86.46666666666667,52.85],[86.91833333333334,52.434999999999995],[87.28333333333333,52.81666666666667],[87.3,53.2],[87.56666666666666,53.53333333333333],[88.11666666666666,53.7],[87.71666666666667,54],[87.5,54.53333333333333],[87,54.513333333333335],[85.75,54.45],[85.48333333333333,54.35],[85.38333333333334,54.233333333333334],[84.75,53.983333333333334],[85.4,53.43333333333333]]]]}},
    {"type":"Feature","properties":{"id":"UN-NT_UNWW_CTR","minFL":20,"maxFL":59},"geometry":{"type":"MultiPolygon","coordinates":[[[[86.99722222222222,54.255833333333335],[86.87833333333333,54.26138888888889],[86.75916666666667,54.255833333333335],[86.64277777777778,54.23916666666667],[86.5325,54.21194444444445],[86.43055555555556,54.17472222222222],[86.33972222222222,54.12861111111111],[86.26194444444444,54.074444444444445],[86.19972222222222,54.013888888888886],[86.1538888888889,53.948611111111106],[86.1261111111111,53.87972222222222],[86.11666666666666,53.809444444444445],[86.1261111111111,53.73916666666667],[86.1538888888889,53.67055555555555],[86.19972222222222,53.60583333333334],[86.26194444444444,53.545833333333334],[86.33972222222222,53.49277777777778],[86.43055555555556,53.447222222222216],[86.5325,53.410555555555554],[86.64277777777778,53.38388888888889],[86.75916666666667,53.3675],[86.87833333333333,53.36222222222222],[86.99722222222222,53.3675],[87.11361111111111,53.38388888888889],[87.2238888888889,53.410555555555554],[87.32583333333334,53.447222222222216],[87.41666666666667,53.49277777777778],[87.49444444444444,53.545833333333334],[87.55666666666666,53.60583333333334],[87.60249999999999,53.67055555555555],[87.63027777777778,53.73916666666667],[87.63972222222223,53.809444444444445],[87.63027777777778,53.87972222222222],[87.60249999999999,53.948611111111106],[87.55666666666666,54.013888888888886],[87.49444444444444,54.074444444444445],[87.41666666666667,54.12861111111111],[87.32583333333334,54.17472222222222],[87.2238888888889,54.21194444444445],[87.11361111111111,54.23916666666667],[86.99722222222222,54.255833333333335]]]]}},
    {"type":"Feature","properties":{"id":"UN-NT_UNTT_TMA","minFL":60,"maxFL":189},"geometry":{"type":"MultiPolygon","coordinates":[[[[83.2,56.18333333333333],[83.88166666666666,57.10166666666667],[84.73666666666666,57.13166666666667],[84.97333333333333,57.151666666666664],[86,57],[86,56.083333333333336],[85.06666666666666,55.8],[84.66666666666667,56.05],[84.25,56],[83.8,56.016666666666666],[83.61666666666666,56.1],[83.2,56.18333333333333]]]]}},
    {"type":"Feature","properties":{"id":"UN-NT_UNTT_CTR","minFL":20,"maxFL":59},"geometry":{"type":"MultiPolygon","coordinates":[[[[85.0936111111111,56.79138888888889],[85.21055555555556,56.79666666666667],[85.32722222222222,56.79138888888889],[85.4413888888889,56.77611111111111],[85.54972222222221,56.75111111111111],[85.64972222222222,56.716944444444444],[85.7388888888889,56.674166666666665],[85.815,56.624722222222225],[85.8761111111111,56.56888888888889],[85.92111111111112,56.50861111111111],[85.94833333333334,56.44555555555555],[85.95777777777778,56.38055555555555],[85.94833333333334,56.316111111111105],[85.92111111111112,56.253055555555555],[85.8761111111111,56.19333333333333],[85.815,56.138333333333335],[85.7388888888889,56.08916666666667],[85.64972222222222,56.0475],[85.54972222222221,56.013888888888886],[85.4413888888889,55.98916666666667],[85.32722222222222,55.97416666666667],[85.21055555555556,55.969166666666666],[85.0936111111111,55.97416666666667],[84.97944444444444,55.98916666666667],[84.8711111111111,56.013888888888886],[84.77111111111111,56.0475],[84.68194444444445,56.08916666666667],[84.66861111111112,56.10861111111111],[84.51388888888889,56.2],[84.83194444444445,56.29416666666666],[84.91666666666667,56.4],[85.01694444444445,56.473055555555554],[84.59083333333332,56.60416666666667],[84.60583333333332,56.624722222222225],[84.68194444444445,56.674166666666665],[84.77111111111111,56.716944444444444],[84.8711111111111,56.75111111111111],[84.97944444444444,56.77611111111111],[85.0936111111111,56.79138888888889]]]]}},
    {"type":"Feature","properties":{"id":"UN-NT_UNSS_R_APP","minFL":20,"maxFL":69},"geometry":{"type":"MultiPolygon","coordinates":[[[[77.03388888888888,60.83361111111111],[77.05,60.71666666666667],[76.87083333333332,60.60166666666667],[76.80166666666666,60.55583333333333],[76.8411111111111,60.507222222222225],[76.91638888888889,60.4475],[77.01,60.39416666666666],[77.11972222222222,60.348888888888894],[77.24277777777777,60.3125],[77.3761111111111,60.28583333333333],[77.51638888888888,60.269444444444446],[77.66027777777778,60.26416666666667],[77.80388888888889,60.269444444444446],[77.94416666666667,60.28583333333333],[78.0775,60.3125],[78.20055555555555,60.348888888888894],[78.31027777777777,60.39416666666666],[78.4038888888889,60.4475],[78.47916666666667,60.507222222222225],[78.53444444444445,60.57194444444445],[78.56805555555555,60.640277777777776],[78.57944444444443,60.71055555555556],[78.56805555555555,60.78111111111111],[78.53861111111111,60.83833333333334],[77.96194444444444,60.89277777777778],[77.61055555555555,60.928888888888885],[77.38333333333334,60.95],[77.03333333333333,60.85],[77.03333333333333,60.85],[77.03388888888888,60.83361111111111]]]]}},
    {"type":"Feature","properties":{"id":"UN-NT_UNOO_R_APP","minFL":20,"maxFL":69},"geometry":{"type":"MultiPolygon","coordinates":[[[[73.15833333333335,55.39],[73.52,55.35666666666667],[73.94166666666668,55.275],[74.0975,54.99861111111111],[73.86666666666666,54.65],[73.26666666666667,54.525],[72.70833333333334,54.65833333333333],[72.535,54.94166666666666],[72.7713888888889,55.26611111111111],[73.15833333333335,55.39]]]]}},
    {"type":"Feature","properties":{"id":"UN-NT_UNOO_APP","minFL":60,"maxFL":264},"geometry":{"type":"MultiPolygon","coordinates":[[[[71,55.058055555555555],[70.98333333333333,54.88305555555556],[71.09972222222221,54.725],[71.28305555555555,54.67472222222222],[71.3,54.61666666666667],[71.18333333333334,54.59166666666667],[71.21666666666667,54.36666666666667],[71.18333333333334,54.31666666666667],[71,54.35],[71.01638888888888,54.29138888888889],[71.08305555555555,54.283055555555556],[71.06638888888888,54.19972222222222],[71.19972222222222,54.1],[71.33305555555555,54.183055555555555],[71.5,54.158055555555556],[71.5,54.1],[71.73333333333333,54.11638888888889],[71.75,54.25],[72.01666666666667,54.233333333333334],[72.16666666666667,54.13305555555556],[72.18333333333334,54.19972222222222],[72.08333333333333,54.233333333333334],[72.13333333333334,54.29972222222222],[72.01666666666667,54.38305555555556],[72.18333333333334,54.375],[72.29972222222221,54.24166666666667],[72.29166666666667,54.183055555555555],[72.5,54.125],[72.33305555555555,54.1],[72.4,54.03333333333333],[72.36638888888888,53.94138888888889],[72.48333333333333,53.908055555555556],[72.54972222222221,53.983333333333334],[72.69972222222222,53.95],[72.65,54.04972222222222],[72.51638888888888,54.04972222222222],[72.59972222222221,54.13305555555556],[72.96666666666667,54.1],[73.06638888888888,53.99166666666667],[73.28305555555555,53.95],[73.4,53.95],[73.4,53.99166666666667],[73.53305555555555,53.94138888888889],[73.5,54],[73.59972222222221,54.03333333333333],[73.65,54.083333333333336],[73.73333333333333,54.058055555555555],[73.68333333333334,53.86666666666667],[73.45,53.88305555555556],[73.45,53.81638888888889],[73.34972222222221,53.79972222222222],[73.31638888888888,53.683055555555555],[73.25,53.683055555555555],[73.25,53.56666666666667],[73.4,53.533055555555556],[73.36666666666666,53.46666666666667],[73.45,53.45],[73.5,53.5],[73.59972222222221,53.54972222222222],[73.64166666666668,53.558055555555555],[73.66666666666667,53.625],[73.83305555555555,53.583333333333336],[73.9,53.65],[74.08333333333333,53.625],[74.04972222222221,53.558055555555555],[74.15,53.54972222222222],[74.16666666666667,53.6],[74.23333333333333,53.59166666666667],[74.28333333333333,53.48305555555556],[74.4,53.45],[74.48333333333333,53.575],[74.43333333333334,53.583333333333336],[74.46666666666667,53.683055555555555],[74.63333333333334,53.658055555555556],[74.66666666666667,53.75805555555556],[74.76638888888888,53.75],[74.8,53.81638888888889],[74.98333333333333,53.81638888888889],[75.01638888888888,53.783055555555556],[75.5,54],[75.38333333333334,54.083333333333336],[75.81638888888888,55.07361111111111],[73.92944444444444,56.225833333333334],[73.61638888888888,56.15555555555555],[71.2238888888889,55.61527777777778],[71.02166666666666,55.08527777777778],[71,55.058055555555555]]]]}},
    {"type":"Feature","properties":{"id":"UN-NT_UNOK_R_APP","minFL":20,"maxFL":39},"geometry":{"type":"MultiPolygon","coordinates":[[[[75.21666666666667,55.266666666666666],[74.35,55.36666666666667],[74.2,55.13333333333333],[74.0975,54.99861111111111],[74.38333333333334,54.483333333333334],[75.06666666666666,54.43333333333333],[75.45,54.63333333333333],[75.21666666666667,55.13333333333333],[75.21666666666667,55.266666666666666]]]]}},
    {"type":"Feature","properties":{"id":"UN-NT_UNNT_TMA","minFL":60,"maxFL":189},"geometry":{"type":"MultiPolygon","coordinates":[[[[85.06666666666666,55.8],[85.2,55.71666666666667],[85.2,55.5],[84.7,55.233333333333334],[84.66666666666667,54.833333333333336],[84.3,54.71666666666667],[84.26666666666667,54.67833333333333],[84.15,54.53333333333333],[84.13333333333334,54.5],[84.045,54.24166666666667],[83.98333333333333,54.06333333333333],[83.40333333333334,54.12166666666667],[82.78333333333333,54.026666666666664],[82.30749999999999,54.03388888888889],[81.73166666666667,54.026666666666664],[81.01666666666667,54.43333333333333],[81.02833333333334,54.60666666666667],[80.96666666666667,54.825],[80.93333333333334,54.93333333333333],[80.99166666666667,55.215],[81.01833333333333,55.32333333333334],[81.135,55.468333333333334],[81.25,55.61666666666667],[81.585,55.79333333333333],[81.86666666666666,55.916666666666664],[82.26166666666667,56.019999999999996],[82.44,56.05833333333333],[82.52333333333333,56.06666666666667],[82.63333333333334,56.083333333333336],[83.2,56.18333333333333],[83.61666666666666,56.1],[83.8,56.016666666666666],[84.25,56],[84.66666666666667,56.05],[85.06666666666666,55.8]]]]}},
    {"type":"Feature","properties":{"id":"UN-NT_UNNT_R_APP(LWR B)","minFL":40,"maxFL":60},"geometry":{"type":"MultiPolygon","coordinates":[[[[82.96000000000001,55.43111111111111],[82.95611111111111,55.43333333333333],[82.84222222222222,55.46055555555556],[82.7225,55.477222222222224],[82.6,55.48277777777778],[82.47722222222222,55.477222222222224],[82.35749999999999,55.46055555555556],[82.24361111111111,55.43333333333333],[82.13861111111112,55.39611111111111],[82.045,55.35],[81.965,55.295833333333334],[81.90083333333334,55.23527777777778],[81.8536111111111,55.16972222222222],[81.825,55.10111111111111],[81.81527777777778,55.03055555555555],[81.825,54.96027777777778],[81.8536111111111,54.89194444444444],[81.90083333333334,54.82694444444445],[81.965,54.76722222222222],[82.045,54.71388888888889],[82.13861111111112,54.66861111111111],[82.24361111111111,54.63194444444444],[82.35749999999999,54.60527777777778],[82.47722222222222,54.58888888888889],[82.6,54.58361111111111],[82.7225,54.58888888888889],[82.84222222222222,54.60527777777778],[82.95611111111111,54.63194444444444],[83.0611111111111,54.66861111111111],[83.15472222222223,54.71388888888889],[83.23472222222222,54.76722222222222],[83.29888888888888,54.82694444444445],[83.3461111111111,54.89194444444444],[83.37472222222222,54.96027777777778],[83.38444444444445,55.03055555555555],[83.37472222222222,55.10111111111111],[83.36722222222221,55.12222222222222],[83.28333333333333,55.11666666666667],[82.98333333333333,55.06666666666667],[83,55.1],[83.01666666666667,55.15],[82.95,55.233333333333334],[82.91666666666667,55.25],[82.86666666666666,55.31666666666667],[82.96000000000001,55.43111111111111]]]]}},
    {"type":"Feature","properties":{"id":"UN-NT_UNNT_R_APP(LWR A)","minFL":20,"maxFL":39},"geometry":{"type":"MultiPolygon","coordinates":[[[[82.96000000000001,55.43111111111111],[82.95611111111111,55.43333333333333],[82.84222222222222,55.46055555555556],[82.7225,55.477222222222224],[82.6,55.48277777777778],[82.47722222222222,55.477222222222224],[82.35749999999999,55.46055555555556],[82.24361111111111,55.43333333333333],[82.13861111111112,55.39611111111111],[82.045,55.35],[81.965,55.295833333333334],[81.90083333333334,55.23527777777778],[81.8536111111111,55.16972222222222],[81.825,55.10111111111111],[81.81527777777778,55.03055555555555],[81.825,54.96027777777778],[81.8536111111111,54.89194444444444],[81.90083333333334,54.82694444444445],[81.965,54.76722222222222],[82.045,54.71388888888889],[82.13861111111112,54.66861111111111],[82.24361111111111,54.63194444444444],[82.35749999999999,54.60527777777778],[82.47722222222222,54.58888888888889],[82.6,54.58361111111111],[82.69500000000001,54.58833333333334],[82.96666666666667,54.68333333333333],[83,54.75],[83.28611111111111,54.819722222222225],[83.29888888888888,54.82694444444445],[83.3461111111111,54.89194444444444],[83.37472222222222,54.96027777777778],[83.38444444444445,55.03055555555555],[83.37472222222222,55.10111111111111],[83.36722222222221,55.12222222222222],[83.28333333333333,55.11666666666667],[82.98333333333333,55.06666666666667],[83,55.1],[83.01666666666667,55.15],[82.95,55.233333333333334],[82.91666666666667,55.25],[82.86666666666666,55.31666666666667],[82.96000000000001,55.43111111111111]]]]}},
    {"type":"Feature","properties":{"id":"UN-NT_UNBB_TMA","minFL":60,"maxFL":189},"geometry":{"type":"MultiPolygon","coordinates":[[[[83.40333333333334,54.12166666666667],[83.98333333333333,54.06333333333333],[84.23333333333333,53.90833333333333],[84.50166666666667,53.50833333333333],[84.27833333333334,53.28],[82.86333333333333,53.17166666666667],[82.29555555555555,53.34444444444445],[82.22333333333333,53.55888888888889],[82.30749999999999,54.03388888888889],[82.78333333333333,54.026666666666664],[83.40333333333334,54.12166666666667]]]]}},
    {"type":"Feature","properties":{"id":"UN-NT_UNNE_R_APP","minFL":20,"maxFL":264},"geometry":{"type":"MultiPolygon","coordinates":[[[[82.96000000000001,55.43111111111111],[83.25,55.78333333333333],[84.25,55.81666666666667],[84.71666666666667,55.4],[83.8,55.15],[83.36722222222221,55.12222222222222],[83.28333333333333,55.11666666666667],[82.98333333333333,55.06666666666667],[83,55.1],[83.01666666666667,55.15],[82.95,55.233333333333334],[82.91666666666667,55.25],[82.86666666666666,55.31666666666667],[82.96000000000001,55.43111111111111]]]]}},
    {"type":"Feature","properties":{"id":"UN-NT_UNEE_TMA(B)","minFL":100,"maxFL":149},"geometry":{"type":"MultiPolygon","coordinates":[[[[88.68333333333334,54.516666666666666],[88.66666666666667,54.583333333333336],[88.78305555555555,55],[88.97777777777777,55.69888888888889],[88.66833333333334,55.57666666666667],[87.5,54.53333333333333],[87.91666666666667,54.55],[88.68333333333334,54.516666666666666]]]]}},
    {"type":"Feature","properties":{"id":"UN-NT_UNEE_TMA(A)","minFL":60,"maxFL":149},"geometry":{"type":"MultiPolygon","coordinates":[[[[86,56.083333333333336],[85.06666666666666,55.8],[85.2,55.71666666666667],[85.2,55.5],[84.7,55.233333333333334],[84.66666666666667,54.833333333333336],[84.7,54.56666666666667],[85.48333333333333,54.35],[85.75,54.45],[87,54.513333333333335],[87.5,54.53333333333333],[88.66833333333334,55.57666666666667],[88.97777777777777,55.69888888888889],[89.08333333333333,56.06666666666667],[86,56.083333333333336]]]]}},
    {"type":"Feature","properties":{"id":"UN-NT_UNEE_CTR","minFL":20,"maxFL":59},"geometry":{"type":"MultiPolygon","coordinates":[[[[85.74888888888889,54.868611111111115],[85.86333333333333,54.841944444444444],[85.98388888888888,54.82555555555556],[86.10749999999999,54.82027777777778],[86.23083333333334,54.82555555555556],[86.35138888888888,54.841944444444444],[86.46583333333334,54.868611111111115],[86.57138888888889,54.905277777777776],[86.66555555555556,54.95055555555556],[86.74583333333334,55.00388888888889],[86.81055555555555,55.06361111111111],[86.85805555555555,55.12861111111111],[86.88694444444445,55.19694444444444],[86.89666666666668,55.26722222222222],[86.88694444444445,55.33777777777778],[86.85805555555555,55.406388888888884],[86.81055555555555,55.471944444444446],[86.74583333333334,55.5325],[86.66555555555556,55.586666666666666],[86.57138888888889,55.632777777777775],[86.46583333333334,55.669999999999995],[86.35138888888888,55.697222222222216],[86.23083333333334,55.71388888888889],[86.10749999999999,55.71944444444445],[85.98388888888888,55.71388888888889],[85.86333333333333,55.697222222222216],[85.74888888888889,55.669999999999995],[85.64333333333335,55.632777777777775],[85.54916666666666,55.586666666666666],[85.46888888888888,55.5325],[85.40416666666667,55.471944444444446],[85.35666666666665,55.406388888888884],[85.32777777777777,55.33777777777778],[85.31805555555555,55.26722222222222],[85.32777777777777,55.19694444444444],[85.35666666666665,55.12861111111111],[85.40416666666667,55.06361111111111],[85.46888888888888,55.00388888888889],[85.54916666666666,54.95055555555556],[85.64333333333335,54.905277777777776],[85.74888888888889,54.868611111111115]]]]}},
    {"type":"Feature","properties":{"id":"UN-NT_UNBG_CTR","minFL":20,"maxFL":109},"geometry":{"type":"MultiPolygon","coordinates":[[[[84.99444444444444,52.38333333333333],[85.38333333333334,52.46666666666667],[86.05916666666667,52.54472222222222],[86.40333333333334,52.271388888888886],[86.36777777777777,51.92444444444444],[86.05,51.78333333333333],[85.36305555555555,51.735],[84.99444444444444,52.38333333333333]]]]}},
    {"type":"Feature","properties":{"id":"UN-NT_UNBB_CTR","minFL":20,"maxFL":59},"geometry":{"type":"MultiPolygon","coordinates":[[[[82.86333333333333,53.17166666666667],[84.27833333333334,53.28],[84.28416666666666,53.29055555555556],[84.29333333333334,53.36083333333333],[84.28416666666666,53.43111111111111],[84.25666666666666,53.5],[84.21138888888889,53.565555555555555],[84.14944444444446,53.62583333333333],[84.07277777777777,53.68],[83.98277777777778,53.726111111111116],[83.88194444444444,53.763333333333335],[83.77277777777778,53.79055555555556],[83.65777777777778,53.80722222222222],[83.53999999999999,53.812777777777775],[83.42194444444445,53.80722222222222],[83.30694444444444,53.79055555555556],[83.19777777777779,53.763333333333335],[83.09694444444445,53.726111111111116],[83.00694444444444,53.68],[82.93027777777779,53.62583333333333],[82.86833333333333,53.565555555555555],[82.82305555555556,53.5],[82.79555555555555,53.43111111111111],[82.7863888888889,53.36083333333333],[82.79555555555555,53.29055555555556],[82.825,53.225],[82.86333333333333,53.17166666666667]]]]}},
    {"type":"Feature","properties":{"id":"UN-KL_CTR_North 1","minFL":70,"maxFL":599},"geometry":{"type":"MultiPolygon","coordinates":[[[[84.79972222222221,63.45],[88,63.166666666666664],[88,63.166666666666664],[94,62.783055555555556],[97.4713888888889,62.43055555555555],[97.4713888888889,62.43055555555555],[107,62],[107,62],[107,65.5],[107,65.5],[106.91666666666667,67],[106.91666666666667,67],[95,67.88777777777779],[95,67.88777777777779],[95,67.47888888888889],[95,67.47888888888889],[82.78,66.54972222222221],[82.78,66.54972222222221],[83.00694444444444,66.23916666666666],[83.17027777777778,65.99416666666667],[83.17027777777778,65.99416666666667],[83.41666666666667,65.63722222222223],[83.41666666666667,65.63722222222223],[83.52555555555556,65.47916666666667],[83.52555555555556,65.47916666666667],[83.80055555555555,65.0736111111111],[84.06916666666666,64.65694444444445],[84.33555555555554,64.23027777777779],[84.79972222222221,63.45]]]]}},
    {"type":"Feature","properties":{"id":"UN-KL_CTR_North 2","minFL":70,"maxFL":599},"geometry":{"type":"MultiPolygon","coordinates":[[[[106.91666666666667,67],[106.5,69.25],[112,72],[114.73305555555555,73.83305555555555],[114.71666666666667,76.33305555555555],[114.71666666666667,76.33305555555555],[114.75,78],[114.75,78],[89.5,77.33305555555555],[89.5,77.33305555555555],[81.83305555555555,75.33305555555555],[81.83305555555555,75.33305555555555],[70.68305555555555,74.5],[70.91666666666667,73.66666666666667],[70.91666666666667,73.66666666666667],[74.45972222222223,72.98],[74.84944444444444,72.72055555555556],[75.13583333333334,72.51916666666666],[75.44638888888889,72.29722222222222],[76,71.87972222222221],[76.4961111111111,71.69916666666667],[77.14305555555556,71.45916666666668],[78.58944444444444,70.85777777777777],[79.26166666666667,69.87055555555555],[79.76833333333333,69.05916666666667],[80,68.65972222222223],[80.05305555555556,68.62833333333333],[80.2713888888889,68.46972222222223],[80.90166666666667,68.0275],[81.5286111111111,67.51055555555556],[81.65972222222223,67.4],[81.65972222222223,67.4],[82.03666666666666,67.12527777777777],[82.78,66.54972222222221],[82.78,66.54972222222221],[95,67.47888888888889],[95,67.47888888888889],[95,67.88777777777779],[95,67.88777777777779],[106.91666666666667,67]]]]}},
    {"type":"Feature","properties":{"id":"UN-KL_CTR_South 1","minFL":70,"maxFL":599},"geometry":{"type":"MultiPolygon","coordinates":[[[[91.06666666666666,55.05],[92.49166666666667,54.77166666666667],[92.49166666666667,54.77166666666667],[96,54],[96,54],[97.3,53.58305555555556],[99,52.88305555555556],[99,52.1],[99,52.1],[98.91666666666667,52.15],[98.7,51.81666666666667],[98.31666666666666,51.73305555555556],[98.23305555555555,51.56666666666667],[98.26666666666667,51.533055555555556],[98.23305555555555,51.45],[98.1,51.46666666666667],[97.95,51.33305555555556],[97.95,51.25],[97.83305555555555,51],[98.01666666666667,50.85],[97.95,50.783055555555556],[98.13305555555554,50.58305555555556],[98.31666666666666,50.55],[98.25,50.4],[98.28305555555555,50.31666666666667],[98.25,50.31666666666667],[98.16666666666667,50.2],[98.11666666666666,50.1],[97.85,49.95],[97.8,49.98305555555556],[97.58305555555555,49.95],[97.61666666666666,49.88305555555556],[97.43305555555555,49.783055555555556],[97.26472222222222,49.75],[97.26472222222222,49.75],[97.16666666666667,49.783055555555556],[97.15,49.81666666666667],[97.08305555555555,49.83305555555556],[97,49.916666666666664],[96.8,49.95],[96.7,49.9],[96.63305555555554,49.98305555555556],[96.43305555555555,49.9],[96.26666666666667,49.98305555555556],[96.08305555555555,50.016666666666666],[95.96666666666667,49.98305555555556],[95.83305555555555,50.033055555555556],[95.71666666666667,49.96666666666667],[95.5,49.916666666666664],[95.33305555555555,49.95],[95.08305555555555,49.95],[94.96666666666667,50.06666666666667],[94.63305555555554,50.033055555555556],[94.51666666666667,50.166666666666664],[94.41666666666667,50.2],[94.3,50.56666666666667],[94.3,50.56666666666667],[93.4,50.58305555555556],[93.13305555555554,50.55],[93,50.6],[93.01666666666667,50.783055555555556],[92.81666666666666,50.783055555555556],[92.73305555555555,50.7],[92.61666666666666,50.7],[92.6,50.766666666666666],[92.48305555555555,50.766666666666666],[92.36666666666666,50.85],[92.28305555555555,50.81666666666667],[92.3,50.73305555555556],[92.18305555555555,50.683055555555555],[92,50.683055555555555],[91.83305555555555,50.73305555555556],[91.66666666666667,50.666666666666664],[91.63305555555554,50.56666666666667],[91.45,50.55],[91.43305555555555,50.45],[91.25,50.48305555555556],[91.08305555555555,50.45],[90.73305555555555,50.48305555555556],[90.66666666666667,50.33305555555556],[90.76666666666667,50.283055555555556],[90.65,50.15],[90.5,50.166666666666664],[90.35,50.13305555555556],[90.26666666666667,50.166666666666664],[90.1,50.033055555555556],[90.03305555555555,50.016666666666666],[90,49.96666666666667],[89.73305555555555,49.95],[89.66666666666667,49.933055555555555],[89.66666666666667,49.933055555555555],[89.45,51],[88.28333333333333,51.53333333333333],[88.28333333333333,51.53333333333333],[88.6,52.08305555555556],[88.6,52.08305555555556],[89.04972222222221,52.83305555555556],[89.04972222222221,52.83305555555556],[88.68333333333334,54.516666666666666],[88.68333333333334,54.516666666666666],[88.66666666666667,54.583333333333336],[88.66666666666667,54.583333333333336],[88.78305555555555,55],[88.78305555555555,55],[91.06666666666666,55.05]]]]}},
    {"type":"Feature","properties":{"id":"UN-KL_CTR_South 2","minFL":70,"maxFL":599},"geometry":{"type":"MultiPolygon","coordinates":[[[[91.06666666666666,55.05],[92.49166666666667,54.77166666666667],[92.49166666666667,54.77166666666667],[96,54],[96,54],[96.99944444444445,54.99333333333333],[96.99944444444445,54.99333333333333],[98,55.933055555555555],[98,55.933055555555555],[97.57305555555556,57.325],[97.57305555555556,57.325],[97.53305555555555,57.45],[97.53305555555555,57.45],[93.33305555555555,59.166666666666664],[93.33305555555555,59.166666666666664],[94.5,60.35],[94.5,60.35],[93.06666666666666,60.416666666666664],[90.21666666666667,60.25],[90.21666666666667,60.25],[87.93305555555555,58.75],[87.93305555555555,58.75],[88.16666666666667,57.35],[88.16666666666667,57.35],[88.66666666666667,56.666666666666664],[88.66666666666667,56.666666666666664],[89.08305555555555,56.06666666666667],[89.08305555555555,56.06666666666667],[88.97777777777777,55.69888888888889],[88.97777777777777,55.69888888888889],[88.78305555555555,55],[88.78305555555555,55],[91.06666666666666,55.05]]]]}},
    {"type":"Feature","properties":{"id":"UN-KL_CTR_South 3","minFL":70,"maxFL":599},"geometry":{"type":"MultiPolygon","coordinates":[[[[97.53305555555555,57.45],[93.33305555555555,59.166666666666664],[93.33305555555555,59.166666666666664],[94.5,60.35],[94.5,60.35],[93.06666666666666,60.416666666666664],[90.21666666666667,60.25],[90.21666666666667,60.25],[87.93305555555555,58.75],[87.93305555555555,58.75],[83,60.91638888888889],[83,60.91638888888889],[83.17222222222223,61.178888888888885],[83.54916666666666,61.76694444444444],[83.94555555555556,62.30555555555555],[84.5886111111111,63.16583333333333],[84.5886111111111,63.16583333333333],[84.63916666666667,63.24388888888889],[84.79972222222221,63.45],[84.79972222222221,63.45],[88,63.166666666666664],[88,63.166666666666664],[94,62.783055555555556],[97.4713888888889,62.43055555555555],[97.4713888888889,62.43055555555555],[107,62],[107,62],[108.03305555555555,61.266666666666666],[108.03305555555555,61.266666666666666],[106.7,60.766666666666666],[106.7,60.766666666666666],[102.5,58.05],[102.5,58.05],[100.68305555555555,57.933055555555555],[97.53305555555555,57.45]]]]}},
    {"type":"Feature","properties":{"id":"UN-KL_Rastuschii","minFL":265,"maxFL":724},"geometry":{"type":"MultiPolygon","coordinates":[[[[97.81083333333333,55.96083333333333],[97.41666666666667,58.01083333333333],[97.41666666666667,58.01083333333333],[94.85,58.01083333333333],[94.85,58.01083333333333],[93.86666666666666,56.81666666666667],[94.21083333333334,56.11666666666667],[94.99416666666667,55.54416666666666],[97.81083333333333,55.96083333333333]]]]}},
    {"type":"Feature","properties":{"id":"UN-KL_UOOO_R_APP","minFL":20,"maxFL":89},"geometry":{"type":"MultiPolygon","coordinates":[[[[87.61666666666666,69.845],[86.7088888888889,69.7825],[86.41333333333334,69.765],[86.21666666666667,69.4088888888889],[86.35694444444444,69.14055555555557],[86.41694444444445,69.01555555555555],[87.16055555555556,68.87055555555555],[87.16055555555556,68.87055555555555],[87.4175,68.88055555555555],[87.85916666666667,68.8825],[88.31416666666667,69.2725],[88.36999999999999,69.39305555555556],[88.13555555555556,69.53416666666666],[87.61666666666666,69.845]]]]}},
    {"type":"Feature","properties":{"id":"UN-KL_Igarka","minFL":20,"maxFL":139},"geometry":{"type":"MultiPolygon","coordinates":[[[[86.62166666666666,67.88777777777779],[86.82555555555555,67.88111111111111],[87.02333333333333,67.86055555555555],[87.2088888888889,67.8275],[87.37638888888888,67.7825],[87.52111111111111,67.72694444444444],[87.63861111111112,67.66250000000001],[87.72500000000001,67.59138888888889],[87.77805555555555,67.51555555555555],[87.79583333333333,67.4375],[87.77805555555555,67.35916666666667],[87.72500000000001,67.28333333333333],[87.63861111111112,67.21222222222222],[87.52111111111111,67.14777777777779],[87.37638888888888,67.09222222222222],[87.2088888888889,67.04722222222222],[87.02333333333333,67.01416666666667],[86.82555555555555,66.99361111111111],[86.62166666666666,66.98694444444445],[86.41805555555555,66.99361111111111],[86.22027777777778,67.01416666666667],[86.03472222222221,67.04722222222222],[85.86722222222221,67.09222222222222],[85.7225,67.14777777777779],[85.60499999999999,67.21222222222222],[85.51861111111111,67.28333333333333],[85.46555555555555,67.35916666666667],[85.44777777777779,67.4375],[85.46555555555555,67.51555555555555],[85.51861111111111,67.59138888888889],[85.60499999999999,67.66250000000001],[85.7225,67.72694444444444],[85.86722222222221,67.7825],[86.03472222222221,67.8275],[86.22027777777778,67.86055555555555],[86.41805555555555,67.88111111111111],[86.62166666666666,67.88777777777779]]]]}},
    {"type":"Feature","properties":{"id":"UN-KL_UNKL_R_APP(1)","minFL":20,"maxFL":69},"geometry":{"type":"MultiPolygon","coordinates":[[[[93.18305555555555,56.41305555555555],[93.11666666666666,56.14972222222222],[93.3,56.12],[93.29694444444445,56.12],[93.2825,56.07361111111111],[93.25916666666667,56.02833333333333],[93.21972222222223,55.97027777777778],[93.21638888888889,55.971111111111114],[93.17472222222223,55.93],[93.12555555555555,55.891666666666666],[93.06972222222223,55.85666666666667],[93.00777777777778,55.82472222222223],[92.94027777777778,55.79666666666667],[92.86805555555554,55.772777777777776],[92.79194444444444,55.753055555555555],[92.7125,55.73777777777778],[92.63083333333333,55.7275],[92.5475,55.721944444444446],[92.46388888888889,55.721111111111114],[92.38027777777778,55.72527777777778],[92.29805555555555,55.73416666666667],[92.21805555555555,55.74805555555556],[92.14083333333333,55.76638888888889],[92.06722222222221,55.78916666666667],[91.99833333333333,55.81583333333333],[91.93444444444445,55.84666666666667],[91.87277777777777,55.88027777777778],[91.82472222222222,55.91916666666666],[91.78083333333333,55.95944444444445],[91.74472222222222,56.00194444444445],[91.71666666666667,56.046388888888885],[91.69694444444445,56.0925],[91.68611111111112,56.13916666666667],[91.68388888888889,56.186388888888885],[91.69055555555556,56.233333333333334],[91.70611111111111,56.27972222222222],[91.73055555555555,56.325],[91.76305555555555,56.368611111111115],[91.80388888888889,56.41],[91.85249999999999,56.448611111111106],[91.90833333333335,56.48444444444444],[91.97055555555556,56.516666666666666],[92.03861111111111,56.54527777777778],[92.11194444444443,56.569722222222225],[92.18944444444445,56.58972222222222],[92.27055555555556,56.605000000000004],[92.35416666666666,56.61555555555556],[92.43916666666667,56.62111111111111],[92.525,56.621944444444445],[92.61027777777777,56.6175],[92.69444444444444,56.608333333333334],[92.7761111111111,56.594166666666666],[92.85472222222222,56.57527777777778],[92.92916666666667,56.551944444444445],[92.99861111111112,56.52444444444444],[93.0625,56.49333333333333],[93.11999999999999,56.458333333333336],[93.18305555555555,56.41305555555555]]]]}},
    {"type":"Feature","properties":{"id":"UN-KL_UNKL_APP","minFL":70,"maxFL":189},"geometry":{"type":"MultiPolygon","coordinates":[[[[93.58,56.61666666666667],[93.18305555555555,56.41305555555555],[93.11666666666666,56.15],[93.11666666666666,56.15],[93.3,56.12],[94,56],[93.75,55.86666666666667],[93.48305555555555,55.825],[92.99138888888889,55.348888888888894],[92.99138888888889,55.348888888888894],[92.46638888888889,55.38388888888889],[91.54944444444445,55.41694444444444],[91.11638888888888,55.51694444444444],[91.23305555555555,55.98388888888889],[91.13305555555554,56.28388888888889],[91.71638888888889,56.75055555555556],[92.28305555555555,57.03805555555555],[92.7,57.044999999999995],[92.7,57.044999999999995],[93.16638888888889,56.900555555555556],[93.55194444444444,56.73555555555556],[93.58,56.61666666666667]]]]}},
    {"type":"Feature","properties":{"id":"UN-KL_UNKL_R_APP(2)","minFL":20,"maxFL":69},"geometry":{"type":"MultiPolygon","coordinates":[[[[93.58,56.61666666666667],[93.18305555555555,56.41305555555555],[93.11999999999999,56.458333333333336],[93.0625,56.49333333333333],[92.99861111111112,56.52444444444444],[92.92916666666667,56.551944444444445],[92.85472222222222,56.57527777777778],[92.7761111111111,56.594166666666666],[92.69444444444444,56.608333333333334],[92.61027777777777,56.6175],[92.525,56.621944444444445],[92.43916666666667,56.62111111111111],[92.35416666666666,56.61555555555556],[92.27055555555556,56.605000000000004],[92.18944444444445,56.58972222222222],[92.11194444444443,56.569722222222225],[92.03861111111111,56.54527777777778],[91.97055555555556,56.516666666666666],[91.90833333333335,56.48444444444444],[91.85249999999999,56.448611111111106],[91.80388888888889,56.41],[91.76305555555555,56.368611111111115],[91.73055555555555,56.325],[91.70611111111111,56.27972222222222],[91.69055555555556,56.233333333333334],[91.68388888888889,56.186388888888885],[91.68611111111112,56.13916666666667],[91.69694444444445,56.0925],[91.71666666666667,56.046388888888885],[91.74472222222222,56.00194444444445],[91.78083333333333,55.95944444444445],[91.82472222222222,55.91916666666666],[91.87277777777777,55.88027777777778],[91.93444444444445,55.84666666666667],[91.99833333333333,55.81583333333333],[92.06722222222221,55.78916666666667],[92.14083333333333,55.76638888888889],[92.21805555555555,55.74805555555556],[92.29805555555555,55.73416666666667],[92.38027777777778,55.72527777777778],[92.46388888888889,55.721111111111114],[92.5475,55.721944444444446],[92.63083333333333,55.7275],[92.7125,55.73777777777778],[92.79194444444444,55.753055555555555],[92.86805555555554,55.772777777777776],[92.94027777777778,55.79666666666667],[93.00777777777778,55.82472222222223],[93.06972222222223,55.85666666666667],[93.12555555555555,55.891666666666666],[93.17472222222223,55.93],[93.21638888888889,55.971111111111114],[93.21972222222223,55.97027777777778],[93.25916666666667,56.02833333333333],[93.2825,56.07361111111111],[93.29694444444445,56.12],[93.3,56.12],[94,56],[93.75,55.86666666666667],[93.48305555555555,55.825],[92.99138888888889,55.348888888888894],[92.99138888888889,55.348888888888894],[92.46638888888889,55.38388888888889],[91.54944444444445,55.41694444444444],[91.11638888888888,55.51694444444444],[91.23305555555555,55.98388888888889],[91.13305555555554,56.28388888888889],[91.71638888888889,56.75055555555556],[92.28305555555555,57.03805555555555],[92.7,57.044999999999995],[92.7,57.044999999999995],[93.16638888888889,56.900555555555556],[93.55194444444444,56.73555555555556],[93.58,56.61666666666667]]]]}},
    {"type":"Feature","properties":{"id":"UN-KL_UNAA_R_APP","minFL":20,"maxFL":89},"geometry":{"type":"MultiPolygon","coordinates":[[[[91.65805555555556,53.31777777777778],[91.55,53.416666666666664],[92.12166666666666,53.62027777777778],[92.12166666666666,53.62027777777778],[92.1363888888889,53.66916666666666],[92.14555555555556,53.71611111111111],[92.14611111111111,53.763333333333335],[92.13861111111112,53.81027777777778],[92.12277777777777,53.85638888888889],[92.09861111111111,53.90138888888889],[92.06666666666666,53.94472222222222],[92.02722222222222,53.98583333333333],[91.98027777777779,54.024166666666666],[91.92694444444444,54.059444444444445],[91.86749999999999,54.09111111111111],[91.80277777777778,54.119166666666665],[91.80277777777778,54.119166666666665],[91.73305555555555,54.14277777777778],[91.65972222222223,54.16222222222222],[91.58305555555555,54.176944444444445],[91.50416666666666,54.18666666666666],[91.42416666666666,54.19166666666666],[91.34333333333333,54.19166666666666],[91.26333333333334,54.186388888888885],[91.18444444444445,54.17638888888889],[91.10805555555555,54.16166666666666],[91.03472222222221,54.14222222222222],[90.96527777777779,54.11833333333333],[90.90055555555556,54.09027777777778],[90.8411111111111,54.058611111111105],[90.78805555555556,54.02305555555555],[90.74138888888889,53.984722222222224],[90.70222222222222,53.94361111111111],[90.67027777777778,53.900277777777774],[90.64666666666668,53.85527777777778],[90.63083333333333,53.80916666666666],[90.62333333333332,53.761944444444445],[90.62444444444444,53.715],[90.63361111111112,53.668055555555554],[90.65111111111112,53.621944444444445],[90.67666666666668,53.577222222222225],[90.70972222222223,53.53444444444444],[90.75,53.49388888888889],[90.79722222222222,53.45583333333334],[90.85083333333333,53.42111111111111],[90.91000000000001,53.39],[90.97444444444444,53.362500000000004],[91.04305555555555,53.33916666666667],[91.11555555555555,53.32027777777778],[91.19055555555556,53.30583333333333],[91.26805555555555,53.296388888888885],[91.34638888888888,53.29138888888889],[91.42527777777778,53.29138888888889],[91.5038888888889,53.296388888888885],[91.58111111111111,53.30611111111111],[91.58111111111111,53.30611111111111],[91.65611111111112,53.32083333333334],[91.65805555555556,53.31777777777778]]]]}},
    {"type":"Feature","properties":{"id":"UN-KL_Percovka","minFL":20,"maxFL":79},"geometry":{"type":"MultiPolygon","coordinates":[[[[89.58333333333333,55.5],[90.05,55.7],[90.05,55.7],[90.42750000000001,55.6],[90.9775,55.41083333333333],[90.91083333333334,55.15],[90.91083333333334,55.15],[89.84416666666667,54.994166666666665],[89.84416666666667,54.994166666666665],[89.24416666666667,55.266666666666666],[89.58333333333333,55.5]]]]}},
    {"type":"Feature","properties":{"id":"UN-KL_Rastuschii","minFL":20,"maxFL":264},"geometry":{"type":"MultiPolygon","coordinates":[[[[97.81083333333333,55.96083333333333],[97.41666666666667,58.01083333333333],[97.41666666666667,58.01083333333333],[94.85,58.01083333333333],[94.85,58.01083333333333],[93.86666666666666,56.81666666666667],[94.21083333333334,56.11666666666667],[94.99416666666667,55.54416666666666],[97.81083333333333,55.96083333333333]]]]}},
    {"type":"Feature","properties":{"id":"UN-KL_Turukhansk","minFL":20,"maxFL":89},"geometry":{"type":"MultiPolygon","coordinates":[[[[87.8111111111111,66.24805555555555],[87.69555555555556,66.24055555555556],[87.58277777777778,66.22805555555556],[87.4738888888889,66.21083333333334],[87.36999999999999,66.18916666666667],[87.27277777777778,66.16305555555556],[87.18277777777779,66.13305555555554],[87.10166666666666,66.09916666666666],[87.02944444444444,66.06222222222222],[86.96777777777778,66.02222222222223],[86.91666666666667,65.97972222222222],[86.87694444444443,65.93555555555555],[86.84888888888888,65.88972222222223],[86.83305555555555,65.84305555555555],[86.82888888888888,65.79583333333333],[86.83694444444444,65.74888888888889],[86.85694444444444,65.7025],[86.88833333333334,65.65694444444445],[86.93111111111112,65.61333333333333],[86.98444444444445,65.57166666666666],[87.04777777777778,65.5325],[87.12055555555555,65.4961111111111],[87.20194444444445,65.46333333333334],[87.2911111111111,65.43388888888889],[87.38666666666667,65.40861111111111],[87.48805555555556,65.3875],[87.59388888888888,65.37083333333332],[87.70333333333333,65.35888888888888],[87.81527777777778,65.35166666666666],[87.92805555555556,65.34916666666666],[88.0411111111111,65.35166666666666],[88.0411111111111,65.35166666666666],[88.15305555555557,65.35888888888888],[88.2625,65.37083333333332],[88.36833333333333,65.3875],[88.46972222222223,65.40861111111111],[88.56527777777778,65.43388888888889],[88.65444444444445,65.46333333333334],[88.73583333333333,65.4961111111111],[88.8086111111111,65.5325],[88.87194444444444,65.57166666666666],[88.92527777777778,65.61333333333333],[88.96805555555555,65.65694444444445],[88.99944444444445,65.7025],[89.01944444444445,65.74888888888889],[89.0275,65.79583333333333],[89.02333333333333,65.84305555555555],[89.0075,65.88972222222223],[88.97944444444444,65.93555555555555],[88.93972222222223,65.97972222222222],[88.88861111111112,66.02222222222223],[88.82694444444444,66.06222222222222],[88.75472222222223,66.09916666666666],[88.67361111111111,66.13305555555554],[88.58361111111111,66.16305555555556],[88.4863888888889,66.18916666666667],[88.3825,66.21083333333334],[88.27361111111111,66.22805555555556],[88.16083333333334,66.24055555555556],[88.04527777777777,66.24805555555555],[87.92805555555556,66.25055555555555],[87.8111111111111,66.24805555555555]]]]}},
    {"type":"Feature","properties":{"id":"UN-KL_Svetlogorsk","minFL":20,"maxFL":69},"geometry":{"type":"MultiPolygon","coordinates":[[[[87.50305555555556,66.89194444444445],[87.49194444444444,66.83555555555554],[87.50305555555556,66.77944444444444],[87.53666666666666,66.72472222222223],[87.59166666666667,66.67277777777778],[87.66666666666667,66.625],[87.75972222222222,66.5825],[87.86888888888888,66.54638888888888],[87.99138888888889,66.51722222222222],[88.12388888888889,66.49583333333334],[88.26333333333334,66.48277777777778],[88.40666666666667,66.47833333333334],[88.54972222222221,66.48277777777778],[88.68916666666667,66.49583333333334],[88.82166666666666,66.51722222222222],[88.94416666666667,66.54638888888888],[89.05333333333333,66.5825],[89.1463888888889,66.625],[89.2213888888889,66.67277777777778],[89.27638888888889,66.72472222222223],[89.31,66.77944444444444],[89.32111111111111,66.83555555555554],[89.31,66.89194444444445],[89.27638888888889,66.94694444444445],[89.2213888888889,66.99944444444445],[89.1463888888889,67.04777777777778],[89.1463888888889,67.04777777777778],[89.05333333333333,67.0911111111111],[88.94416666666667,67.12833333333333],[88.82166666666666,67.15805555555556],[88.68916666666667,67.18],[88.54972222222221,67.19333333333334],[88.40666666666667,67.19805555555556],[88.26333333333334,67.19333333333334],[88.12388888888889,67.18],[87.99138888888889,67.15805555555556],[87.86888888888888,67.12833333333333],[87.75972222222222,67.0911111111111],[87.75972222222222,67.0911111111111],[87.66666666666667,67.04777777777778],[87.59166666666667,66.99944444444445],[87.53666666666666,66.94694444444445],[87.50305555555556,66.89194444444445]]]]}},
    {"type":"Feature","properties":{"id":"UN-KL_Khatanga","minFL":20,"maxFL":79},"geometry":{"type":"MultiPolygon","coordinates":[[[[102.20916666666668,71.53888888888889],[102.15611111111112,71.54277777777777],[102.10388888888889,71.54694444444445],[102.05194444444444,71.55194444444444],[102.00055555555555,71.55749999999999],[101.95,71.56361111111111],[101.9,71.57027777777778],[101.85083333333333,71.57777777777777],[101.80277777777778,71.58555555555554],[101.75555555555556,71.59416666666667],[101.70916666666668,71.60305555555556],[101.66416666666667,71.6125],[101.61999999999999,71.62277777777777],[101.57722222222222,71.63333333333334],[101.53583333333333,71.64444444444445],[101.49555555555555,71.65611111111112],[101.45666666666666,71.66805555555555],[101.41944444444445,71.68055555555556],[101.38361111111112,71.69361111111111],[101.34916666666666,71.70694444444445],[101.31666666666666,71.72055555555556],[101.28555555555555,71.73472222222222],[101.25611111111111,71.74944444444445],[101.2286111111111,71.76416666666667],[101.20277777777778,71.77944444444444],[101.17888888888889,71.79472222222222],[101.15694444444445,71.81055555555555],[101.13666666666667,71.82638888888889],[101.11833333333333,71.84277777777777],[101.10222222222221,71.85916666666667],[101.08777777777777,71.87555555555555],[101.07555555555555,71.89250000000001],[101.06555555555555,71.90916666666668],[101.05749999999999,71.92611111111111],[101.05138888888888,71.94333333333334],[101.0475,71.96055555555556],[101.04555555555555,71.9775],[101.0461111111111,71.99472222222222],[101.04833333333333,72.01194444444444],[101.05305555555556,72.02888888888889],[101.05972222222222,72.0461111111111],[101.06861111111111,72.06305555555555],[101.07944444444443,72.07972222222222],[101.0925,72.09638888888888],[101.10777777777777,72.11305555555555],[101.125,72.12944444444443],[101.14416666666668,72.14555555555556],[101.16555555555556,72.1613888888889],[101.1888888888889,72.17694444444444],[101.21416666666667,72.19222222222223],[101.24138888888889,72.20722222222223],[101.27055555555556,72.22194444444445],[101.30166666666666,72.2363888888889],[101.33444444444444,72.25027777777778],[101.36888888888888,72.26388888888889],[101.40527777777778,72.27694444444444],[101.44333333333334,72.28944444444444],[101.48305555555555,72.30166666666666],[101.52416666666666,72.31361111111111],[101.56694444444445,72.32472222222222],[101.6111111111111,72.33555555555554],[101.65666666666667,72.34555555555555],[101.70333333333333,72.35527777777777],[101.75138888888888,72.36444444444444],[101.80055555555555,72.37277777777777],[101.85083333333333,72.38083333333333],[101.85083333333333,72.38083333333333],[101.90222222222222,72.38805555555557],[101.95444444444445,72.39472222222223],[102.0075,72.40083333333334],[102.0611111111111,72.4063888888889],[102.11583333333333,72.41111111111111],[102.17083333333333,72.41527777777779],[102.22638888888889,72.41888888888889],[102.2825,72.42166666666667],[102.33888888888889,72.4238888888889],[102.39527777777778,72.42527777777778],[102.45222222222222,72.42611111111111],[102.50888888888889,72.4263888888889],[102.56583333333333,72.42583333333334],[102.62249999999999,72.42444444444445],[102.67888888888889,72.42277777777778],[102.735,72.42027777777778],[102.79083333333332,72.41694444444445],[102.8461111111111,72.41305555555556],[102.90111111111112,72.40861111111111],[102.95527777777778,72.40333333333334],[103.00861111111111,72.39750000000001],[103.0611111111111,72.39111111111112],[103.11277777777777,72.38416666666667],[103.16361111111112,72.37638888888888],[103.21333333333334,72.36833333333333],[103.26194444444444,72.35944444444443],[103.30916666666667,72.35],[103.35527777777777,72.33999999999999],[103.4,72.32972222222222],[103.44333333333334,72.31861111111111],[103.48527777777778,72.30694444444444],[103.52555555555556,72.295],[103.56444444444445,72.2825],[103.60138888888888,72.26972222222223],[103.63694444444445,72.25638888888889],[103.67055555555557,72.2425],[103.70222222222222,72.22833333333334],[103.73222222222222,72.21388888888889],[103.76027777777777,72.19888888888889],[103.7863888888889,72.18388888888889],[103.81083333333333,72.16833333333334],[103.83305555555555,72.1525],[103.85305555555556,72.13666666666667],[103.87138888888889,72.12027777777777],[103.88722222222223,72.10388888888889],[103.90138888888889,72.08722222222222],[103.91333333333334,72.07055555555556],[103.92305555555556,72.05361111111111],[103.93055555555556,72.03666666666666],[103.93611111111112,72.01944444444445],[103.93972222222223,72.0025],[103.94083333333333,71.98527777777778],[103.94,71.96805555555555],[103.93694444444445,71.95083333333334],[103.93194444444445,71.93388888888889],[103.92472222222223,71.91666666666667],[103.91555555555556,71.9],[103.90416666666667,71.88305555555554],[103.89083333333333,71.86638888888888],[103.87555555555555,71.85],[103.85805555555555,71.83361111111111],[103.83888888888889,71.8175],[103.8175,71.80166666666666],[103.79444444444444,71.78611111111111],[103.76944444444445,71.77083333333333],[103.74277777777777,71.75583333333333],[103.71416666666667,71.74111111111111],[103.68388888888889,71.72694444444444],[103.65194444444445,71.71305555555556],[103.61833333333333,71.69944444444445],[103.58305555555555,71.6863888888889],[103.54638888888888,71.67361111111111],[103.50833333333334,71.6613888888889],[103.46861111111112,71.64944444444446],[103.42777777777778,71.63833333333334],[103.38555555555556,71.6275],[103.34194444444444,71.61694444444444],[103.2975,71.60722222222222],[103.25166666666667,71.59805555555555],[103.20472222222223,71.58916666666666],[103.15694444444445,71.58111111111111],[103.10833333333333,71.5736111111111],[103.05888888888889,71.56638888888888],[103.00833333333334,71.56],[102.9575,71.55416666666666],[102.90583333333333,71.54916666666666],[102.8536111111111,71.54444444444444],[102.80083333333333,71.54055555555556],[102.74777777777778,71.53722222222223],[102.69416666666667,71.53444444444445],[102.64027777777778,71.5325],[102.58638888888889,71.53111111111112],[102.53222222222222,71.53027777777778],[102.47805555555556,71.53],[102.4238888888889,71.53055555555555],[102.36999999999999,71.53166666666667],[102.31611111111111,71.53361111111111],[102.2625,71.53583333333333],[102.20916666666668,71.53888888888889]]]]}},
    {"type":"Feature","properties":{"id":"UN-KL_Dikson","minFL":20,"maxFL":69},"geometry":{"type":"MultiPolygon","coordinates":[[[[80.62944444444443,73.96055555555556],[80.87138888888889,73.94361111111111],[81.10111111111111,73.91583333333334],[81.31333333333333,73.87833333333333],[81.5025,73.83138888888888],[81.66388888888889,73.77694444444444],[81.79388888888889,73.71583333333334],[81.8888888888889,73.65],[81.94694444444445,73.58111111111111],[81.96638888888889,73.51055555555556],[81.94694444444445,73.44027777777778],[81.8888888888889,73.37222222222222],[81.79388888888889,73.30777777777777],[81.66388888888889,73.24833333333333],[81.5025,73.19555555555556],[81.31333333333333,73.15083333333334],[81.10111111111111,73.11472222222221],[80.87138888888889,73.08833333333332],[80.62944444444443,73.07222222222222],[80.62944444444443,73.07222222222222],[80.38166666666666,73.06694444444445],[80.13361111111112,73.07222222222222],[79.89166666666668,73.08833333333332],[79.66194444444444,73.11472222222221],[79.44972222222222,73.15083333333334],[79.26055555555556,73.19555555555556],[79.09916666666666,73.24833333333333],[78.96916666666667,73.30777777777777],[78.87416666666665,73.37222222222222],[78.81611111111111,73.44027777777778],[78.79666666666667,73.51055555555556],[78.81611111111111,73.58111111111111],[78.87416666666665,73.65],[78.96916666666667,73.71583333333334],[79.09916666666666,73.77694444444444],[79.26055555555556,73.83138888888888],[79.44972222222222,73.87833333333333],[79.66194444444444,73.91583333333334],[79.89166666666668,73.94361111111111],[80.13361111111112,73.96055555555556],[80.38166666666666,73.96611111111112],[80.62944444444443,73.96055555555556]]]]}},
    {"type":"Feature","properties":{"id":"UN-KL_Mansky","minFL":20,"maxFL":79},"geometry":{"type":"MultiPolygon","coordinates":[[[[92.99138888888889,55.348888888888894],[93.68333333333334,54.88333333333333],[94.49416666666667,55.19416666666666],[94.41666666666667,55.39416666666666],[93.97194444444445,55.85277777777778],[93.75,55.86666666666667],[93.75,55.86666666666667],[93.48305555555555,55.825],[92.99138888888889,55.348888888888894]]]]}},
    {"type":"Feature","properties":{"id":"UN-KL_Kyzyl","minFL":20,"maxFL":159},"geometry":{"type":"MultiPolygon","coordinates":[[[[93.905,52.15],[94.05,51.34666666666667],[94.79166666666667,51.325],[95.18305555555555,51.56666666666667],[95.18305555555555,51.56666666666667],[95,52],[93.905,52.15]]]]}},
    {"type":"Feature","properties":{"id":"UN-KL_Apograph","minFL":20,"maxFL":79},"geometry":{"type":"MultiPolygon","coordinates":[[[[88.99194444444444,55.7025],[89.17750000000001,55.7],[89.54416666666667,55.65],[89.75,55.56666666666667],[89.75,55.56666666666667],[89.58333333333333,55.5],[89.58333333333333,55.5],[89.24416666666667,55.31111111111111],[88.9,55.38333333333333],[88.99194444444444,55.7025]]]]}},
    {"type":"Feature","properties":{"id":"UN-KL_Kodinsk","minFL":20,"maxFL":79},"geometry":{"type":"MultiPolygon","coordinates":[[[[99.39888888888889,58.80833333333333],[99.42694444444444,58.80027777777777],[99.45444444444445,58.79194444444444],[99.48111111111112,58.782777777777774],[99.50694444444444,58.77305555555555],[99.53194444444445,58.7625],[99.55583333333333,58.751666666666665],[99.57888888888888,58.74027777777778],[99.60083333333333,58.72805555555556],[99.62166666666666,58.71555555555556],[99.6413888888889,58.7025],[99.66000000000001,58.689166666666665],[99.67750000000001,58.67527777777777],[99.69361111111111,58.66083333333333],[99.70833333333334,58.64611111111111],[99.72194444444445,58.63111111111111],[99.73416666666667,58.615833333333335],[99.745,58.60027777777778],[99.75444444444445,58.58444444444444],[99.7625,58.568333333333335],[99.76916666666666,58.55222222222222],[99.77444444444444,58.53583333333333],[99.77833333333334,58.51916666666666],[99.78055555555555,58.50277777777778],[99.78166666666667,58.486111111111114],[99.78111111111112,58.46944444444445],[99.77916666666667,58.45305555555556],[99.77583333333334,58.436388888888885],[99.77111111111111,58.419999999999995],[99.765,58.403888888888886],[99.7575,58.38777777777778],[99.74833333333333,58.371944444444445],[99.73805555555556,58.35611111111111],[99.72638888888889,58.340833333333336],[99.71361111111112,58.32555555555556],[99.69944444444445,58.31083333333333],[99.68388888888889,58.296388888888885],[99.66722222222222,58.282222222222224],[99.64944444444446,58.26861111111111],[99.63027777777778,58.25527777777778],[99.61027777777777,58.2425],[99.58916666666666,58.23027777777778],[99.56694444444445,58.218611111111116],[99.5436111111111,58.20722222222223],[99.51944444444445,58.196666666666665],[99.49472222222222,58.18666666666666],[99.46888888888888,58.17722222222222],[99.44222222222223,58.16833333333333],[99.415,58.16],[99.38694444444445,58.152499999999996],[99.35833333333333,58.14555555555555],[99.32944444444443,58.13944444444444],[99.29972222222221,58.13388888888889],[99.26972222222223,58.12916666666667],[99.23916666666666,58.125],[99.20861111111111,58.12166666666667],[99.17750000000001,58.119166666666665],[99.1463888888889,58.117222222222225],[99.11527777777778,58.11611111111111],[99.08388888888888,58.115833333333335],[99.0525,58.11611111111111],[99.02111111111111,58.117222222222225],[98.99,58.119166666666665],[98.9588888888889,58.12166666666667],[98.92833333333334,58.125],[98.89777777777779,58.12888888888889],[98.86777777777777,58.13361111111111],[98.83833333333332,58.13916666666667],[98.80916666666667,58.14527777777778],[98.78055555555555,58.15222222222222],[98.7525,58.15972222222222],[98.72527777777778,58.168055555555554],[98.69861111111112,58.17666666666666],[98.67277777777778,58.18611111111111],[98.64777777777779,58.19638888888888],[98.6236111111111,58.206944444444446],[98.60055555555554,58.21805555555556],[98.57833333333333,58.22972222222222],[98.55694444444444,58.24194444444444],[98.53694444444444,58.25472222222222],[98.51777777777778,58.268055555555556],[98.49972222222222,58.281666666666666],[98.48305555555555,58.295833333333334],[98.4675,58.31027777777778],[98.45333333333333,58.325],[98.44027777777778,58.34],[98.42861111111111,58.355555555555554],[98.41833333333334,58.37111111111111],[98.41833333333334,58.37111111111111],[98.40944444444445,58.38722222222222],[98.40166666666667,58.40333333333333],[98.39555555555556,58.419444444444444],[98.39055555555557,58.43583333333333],[98.38722222222223,58.4525],[98.38527777777779,58.46888888888889],[98.38472222222222,58.48555555555556],[98.38555555555556,58.50222222222222],[98.38805555555557,58.51861111111111],[98.39166666666668,58.535],[98.39694444444446,58.55138888888889],[98.40361111111112,58.56777777777778],[98.41166666666668,58.58388888888889],[98.42111111111112,58.599722222222226],[98.43194444444445,58.61527777777778],[98.44388888888889,58.63055555555555],[98.4575,58.64555555555555],[98.47222222222223,58.66027777777778],[98.48833333333333,58.67472222222222],[98.50555555555556,58.68861111111111],[98.52416666666666,58.70194444444445],[98.54388888888889,58.715],[98.56472222222222,58.72777777777778],[98.58666666666666,58.73972222222222],[98.60972222222222,58.75138888888889],[98.63361111111112,58.76222222222222],[98.65861111111111,58.7725],[98.68416666666667,58.7825],[98.71083333333334,58.791666666666664],[98.73833333333333,58.8],[98.76638888888888,58.808055555555555],[98.79527777777777,58.815],[98.82472222222222,58.82166666666667],[98.85472222222222,58.8275],[98.88527777777779,58.8325],[98.91611111111112,58.836666666666666],[98.9475,58.84027777777778],[98.97888888888889,58.843333333333334],[99.01055555555556,58.84527777777778],[99.0425,58.84666666666667],[99.0586111111111,58.846944444444446],[99.09055555555555,58.84722222222222],[99.12249999999999,58.84666666666667],[99.15444444444445,58.845555555555556],[99.18611111111112,58.843333333333334],[99.21777777777778,58.84055555555556],[99.24916666666667,58.83694444444445],[99.28,58.83277777777778],[99.31055555555555,58.8275],[99.34055555555555,58.82194444444445],[99.36999999999999,58.81527777777777],[99.39888888888889,58.80833333333333]]]]}},
    {"type":"Feature","properties":{"id":"UN-KL_Vanavara","minFL":20,"maxFL":79},"geometry":{"type":"MultiPolygon","coordinates":[[[[101.82444444444444,60.081944444444446],[101.8,60.09305555555556],[101.77638888888889,60.10472222222222],[101.7538888888889,60.11694444444444],[101.73277777777778,60.12972222222222],[101.7125,60.143055555555556],[101.69361111111111,60.156666666666666],[101.67583333333334,60.17055555555555],[101.65944444444445,60.184999999999995],[101.64444444444445,60.2],[101.63055555555555,60.215],[101.61833333333333,60.230555555555554],[101.60749999999999,60.24611111111111],[101.59777777777778,60.261944444444445],[101.58972222222222,60.278055555555554],[101.58305555555555,60.294444444444444],[101.57805555555555,60.31083333333333],[101.57444444444444,60.327222222222225],[101.57222222222222,60.34388888888889],[101.57166666666666,60.36027777777778],[101.57277777777777,60.37694444444445],[101.575,60.39361111111111],[101.57916666666667,60.41],[101.58444444444444,60.42638888888889],[101.59138888888889,60.442499999999995],[101.6,60.45861111111111],[101.61,60.474444444444444],[101.62138888888889,60.49],[101.63416666666667,60.50527777777778],[101.64833333333334,60.52055555555555],[101.66388888888889,60.535],[101.68083333333334,60.54944444444444],[101.69916666666667,60.56333333333333],[101.71888888888888,60.57694444444445],[101.73972222222223,60.59],[101.76166666666667,60.6025],[101.78472222222221,60.614444444444445],[101.80916666666667,60.626111111111115],[101.83444444444444,60.636944444444445],[101.86083333333333,60.6475],[101.88805555555557,60.657222222222224],[101.91611111111112,60.66638888888889],[101.94527777777778,60.675],[101.94527777777778,60.675],[101.97500000000001,60.68277777777777],[102.00527777777778,60.69],[102.03666666666666,60.69638888888888],[102.06833333333333,60.702222222222225],[102.10055555555554,60.70722222222223],[102.13305555555554,60.711666666666666],[102.16611111111112,60.71527777777778],[102.19944444444445,60.71805555555556],[102.23305555555555,60.72027777777778],[102.26694444444445,60.72166666666667],[102.28388888888888,60.721944444444446],[102.31777777777778,60.72222222222222],[102.35138888888888,60.72166666666667],[102.38527777777779,60.72027777777778],[102.41888888888889,60.718333333333334],[102.45222222222222,60.71527777777778],[102.48527777777778,60.71194444444445],[102.51805555555555,60.7075],[102.55027777777778,60.7025],[102.58194444444445,60.696666666666665],[102.61305555555555,60.69027777777777],[102.64361111111111,60.683055555555555],[102.67333333333333,60.67527777777777],[102.7025,60.666666666666664],[102.73055555555555,60.6575],[102.75805555555556,60.647777777777776],[102.78444444444445,60.6375],[102.80972222222222,60.626666666666665],[102.83388888888888,60.615],[102.85722222222222,60.60305555555556],[102.87916666666666,60.59055555555556],[102.9,60.5775],[102.91972222222223,60.56388888888888],[102.93805555555556,60.55],[102.955,60.535555555555554],[102.97083333333333,60.52111111111111],[102.985,60.50611111111111],[102.99805555555555,60.49055555555556],[103.00944444444444,60.475],[103.01944444444445,60.45916666666667],[103.02805555555555,60.44333333333333],[103.035,60.426944444444445],[103.04055555555556,60.410555555555554],[103.04444444444444,60.39416666666666],[103.04694444444445,60.3775],[103.04805555555555,60.361111111111114],[103.0475,60.34444444444445],[103.04527777777777,60.32777777777778],[103.04194444444444,60.311388888888885],[103.03666666666666,60.294999999999995],[103.03027777777778,60.27861111111111],[103.02222222222223,60.2625],[103.01277777777777,60.24666666666667],[103.00194444444445,60.23111111111111],[102.98944444444444,60.21555555555556],[102.97583333333334,60.20055555555556],[102.96083333333334,60.18555555555555],[102.94444444444444,60.17111111111111],[102.92666666666668,60.157222222222224],[102.90777777777778,60.14361111111111],[102.88777777777779,60.13027777777778],[102.86666666666666,60.1175],[102.84416666666667,60.10527777777778],[102.82083333333333,60.093611111111116],[102.7961111111111,60.08222222222223],[102.77083333333333,60.07166666666667],[102.74444444444444,60.06166666666666],[102.71722222222222,60.05222222222222],[102.68916666666667,60.04333333333333],[102.66027777777778,60.035],[102.63083333333333,60.027499999999996],[102.60055555555554,60.020833333333336],[102.56972222222223,60.01444444444444],[102.53861111111111,60.00888888888889],[102.50694444444444,60.00416666666667],[102.47472222222223,60.000277777777775],[102.44222222222223,59.996944444444445],[102.40944444444445,59.994166666666665],[102.37666666666667,59.992222222222225],[102.3436111111111,59.99111111111111],[102.31055555555555,59.990833333333335],[102.2775,59.99111111111111],[102.24444444444444,59.992222222222225],[102.21138888888889,59.994166666666665],[102.17861111111111,59.99666666666667],[102.1463888888889,60],[102.11416666666666,60.00416666666667],[102.0825,60.00888888888889],[102.05111111111111,60.01416666666667],[102.02027777777778,60.02055555555555],[101.99027777777778,60.02722222222222],[101.96055555555556,60.03472222222222],[101.93166666666667,60.043055555555554],[101.90361111111112,60.05166666666666],[101.87638888888888,60.06111111111111],[101.85,60.07138888888889],[101.82444444444444,60.081944444444446]]]]}},
    {"type":"Feature","properties":{"id":"UN-KL_Tura","minFL":20,"maxFL":99},"geometry":{"type":"MultiPolygon","coordinates":[[[[100.33083333333333,64.77944444444444],[100.3711111111111,64.78083333333333],[100.4113888888889,64.78166666666667],[100.45166666666667,64.78166666666667],[100.49166666666667,64.78111111111112],[100.53194444444445,64.77972222222222],[100.57194444444444,64.77777777777777],[100.61166666666666,64.775],[100.65138888888889,64.77166666666666],[100.69055555555556,64.76777777777778],[100.72916666666667,64.76333333333334],[100.7675,64.75805555555556],[100.80527777777777,64.75222222222222],[100.8425,64.74555555555555],[100.87916666666666,64.73861111111111],[100.91527777777779,64.73083333333334],[100.95027777777779,64.7225],[100.98472222222222,64.71361111111112],[101.01833333333333,64.70416666666667],[101.05111111111111,64.69416666666667],[101.08277777777778,64.68361111111112],[101.11333333333333,64.6725],[101.14305555555556,64.66111111111111],[101.17166666666667,64.64916666666667],[101.19916666666667,64.63666666666667],[101.22555555555556,64.6236111111111],[101.25083333333333,64.61027777777777],[101.27472222222222,64.59638888888888],[101.29722222222222,64.58222222222221],[101.31861111111111,64.56777777777778],[101.3386111111111,64.55277777777778],[101.35722222222222,64.53777777777778],[101.37444444444444,64.52222222222223],[101.39027777777778,64.50638888888889],[101.40472222222223,64.49027777777778],[101.4175,64.47416666666666],[101.42916666666667,64.45777777777778],[101.43916666666667,64.44111111111111],[101.4475,64.42416666666666],[101.45472222222223,64.40722222222223],[101.46000000000001,64.39027777777778],[101.46416666666667,64.37333333333332],[101.46666666666667,64.3561111111111],[101.4675,64.33888888888889],[101.46694444444445,64.32166666666666],[101.46472222222222,64.30444444444444],[101.46111111111111,64.2875],[101.45611111111111,64.27027777777778],[101.44944444444445,64.25333333333333],[101.4413888888889,64.23666666666666],[101.43194444444445,64.22],[101.42083333333333,64.20333333333333],[101.40861111111111,64.18722222222223],[101.39472222222223,64.17111111111112],[101.37944444444443,64.15527777777778],[101.36305555555555,64.13972222222223],[101.345,64.12444444444444],[101.32583333333334,64.10944444444443],[101.30527777777777,64.09472222222222],[101.28361111111111,64.08027777777778],[101.26055555555556,64.06638888888888],[101.2363888888889,64.05277777777778],[101.21111111111111,64.03972222222222],[101.185,64.02694444444444],[101.1575,64.01472222222222],[101.12888888888888,64.00305555555556],[101.09944444444444,63.99166666666667],[101.06916666666666,63.98083333333334],[101.03777777777778,63.970555555555556],[101.00555555555556,63.96083333333333],[100.97277777777778,63.95138888888889],[100.9388888888889,63.94277777777778],[100.90444444444445,63.93472222222222],[100.86944444444444,63.92722222222222],[100.83361111111111,63.92027777777778],[100.7975,63.913888888888884],[100.76083333333334,63.908055555555556],[100.72333333333333,63.903055555555554],[100.68583333333333,63.89833333333333],[100.64777777777779,63.894444444444446],[100.60944444444443,63.89138888888889],[100.57111111111111,63.88861111111111],[100.53222222222222,63.88666666666666],[100.49333333333334,63.885555555555555],[100.45444444444445,63.88472222222222],[100.41555555555556,63.88472222222222],[100.37638888888888,63.88527777777778],[100.33749999999999,63.88666666666666],[100.29888888888888,63.88861111111111],[100.26027777777777,63.89111111111111],[100.22194444444445,63.89416666666666],[100.18388888888889,63.89805555555556],[100.14611111111111,63.902499999999996],[100.10888888888888,63.9075],[100.07222222222222,63.913333333333334],[100.03583333333333,63.91972222222222],[100.03583333333333,63.91972222222222],[100,63.92638888888889],[99.965,63.93388888888889],[99.93055555555556,63.94194444444444],[99.89666666666668,63.950833333333335],[99.86361111111111,63.96],[99.83138888888888,63.969722222222224],[99.8,63.980000000000004],[99.76944444444445,63.99055555555556],[99.74,64.00194444444445],[99.71138888888889,64.01361111111112],[99.68388888888889,64.02583333333334],[99.6575,64.03861111111111],[99.63194444444444,64.05166666666666],[99.60777777777777,64.06527777777778],[99.58472222222221,64.07916666666667],[99.56305555555555,64.09333333333333],[99.54222222222222,64.10805555555555],[99.52305555555556,64.12305555555555],[99.505,64.13833333333334],[99.48833333333333,64.1538888888889],[99.47305555555556,64.16972222222223],[99.45916666666668,64.18583333333333],[99.44638888888889,64.20194444444445],[99.43527777777778,64.21861111111112],[99.42583333333334,64.23527777777778],[99.4175,64.25194444444445],[99.41083333333334,64.26888888888888],[99.40555555555557,64.28583333333333],[99.40194444444445,64.30305555555556],[99.39972222222222,64.32027777777778],[99.39888888888889,64.33749999999999],[99.39972222222222,64.35444444444444],[99.40194444444445,64.37166666666666],[99.40583333333333,64.3888888888889],[99.41111111111111,64.40583333333333],[99.41805555555555,64.42277777777778],[99.4263888888889,64.43944444444445],[99.4363888888889,64.45611111111111],[99.44777777777779,64.47277777777778],[99.46055555555556,64.4888888888889],[99.47472222222223,64.505],[99.49055555555556,64.52083333333333],[99.5075,64.5363888888889],[99.5261111111111,64.55138888888888],[99.5461111111111,64.56638888888888],[99.56722222222221,64.58111111111111],[99.58972222222222,64.59527777777777],[99.61361111111111,64.60888888888888],[99.63861111111112,64.62249999999999],[99.66472222222222,64.63555555555556],[99.69222222222223,64.64805555555556],[99.72055555555556,64.66000000000001],[99.75027777777778,64.67166666666667],[99.78083333333333,64.68277777777779],[99.8125,64.69333333333334],[99.845,64.70333333333333],[99.8786111111111,64.71277777777777],[99.91305555555556,64.72166666666666],[99.94805555555556,64.73],[99.98388888888888,64.73777777777778],[100.02055555555556,64.745],[100.05777777777777,64.75166666666667],[100.09555555555555,64.7575],[100.13361111111112,64.76277777777777],[100.1725,64.7675],[100.21166666666667,64.7713888888889],[100.25111111111111,64.77472222222222],[100.29083333333332,64.7775],[100.33083333333333,64.77944444444444]]]]}},
    {"type":"Feature","properties":{"id":"UN-KL_Severo-Yeniseisk","minFL":20,"maxFL":79},"geometry":{"type":"MultiPolygon","coordinates":[[[[92.41444444444446,60.71],[92.44111111111111,60.721111111111114],[92.46861111111112,60.731944444444444],[92.49722222222222,60.74194444444444],[92.52638888888889,60.751666666666665],[92.55611111111111,60.760555555555555],[92.58694444444444,60.76888888888889],[92.61805555555554,60.776944444444446],[92.65,60.784166666666664],[92.6825,60.79083333333333],[92.71527777777779,60.79694444444444],[92.74861111111112,60.80222222222222],[92.7825,60.80694444444444],[92.81666666666666,60.81111111111111],[92.85111111111111,60.81444444444444],[92.88583333333334,60.81722222222223],[92.92083333333333,60.81944444444445],[92.95583333333333,60.821111111111115],[92.99111111111111,60.82166666666667],[93.02638888888889,60.82194444444445],[93.06138888888889,60.82138888888889],[93.09666666666666,60.82027777777778],[93.13166666666666,60.818333333333335],[93.16638888888889,60.81583333333333],[93.20111111111112,60.812777777777775],[93.23527777777778,60.80888888888889],[93.26944444444445,60.80444444444444],[93.30305555555556,60.799166666666665],[93.33611111111111,60.79361111111111],[93.36861111111111,60.78722222222222],[93.40083333333334,60.780277777777776],[93.4325,60.7725],[93.46333333333334,60.76444444444444],[93.49361111111111,60.75555555555555],[93.52305555555556,60.74638888888889],[93.55166666666666,60.73638888888889],[93.57972222222222,60.726111111111116],[93.60666666666665,60.715],[93.63305555555554,60.703611111111115],[93.65833333333335,60.69166666666666],[93.6825,60.67916666666667],[93.70583333333333,60.66638888888889],[93.72805555555556,60.653055555555554],[93.74916666666667,60.63944444444444],[93.76916666666666,60.625277777777775],[93.76916666666666,60.625277777777775],[93.78805555555556,60.61083333333333],[93.80583333333333,60.596111111111114],[93.82249999999999,60.58083333333334],[93.83777777777777,60.565555555555555],[93.85194444444444,60.54972222222222],[93.865,60.53388888888889],[93.87666666666667,60.5175],[93.88694444444445,60.50111111111111],[93.89611111111111,60.484722222222224],[93.9038888888889,60.467777777777776],[93.91027777777778,60.450833333333335],[93.91527777777779,60.43388888888889],[93.91916666666667,60.41694444444444],[93.92166666666667,60.39972222222222],[93.92277777777778,60.3825],[93.92277777777778,60.36527777777778],[93.92111111111112,60.34805555555556],[93.91833333333334,60.33111111111111],[93.91416666666667,60.31388888888888],[93.90861111111111,60.29694444444444],[93.90194444444445,60.28],[93.8938888888889,60.263333333333335],[93.88444444444445,60.246944444444445],[93.87388888888889,60.230555555555554],[93.86222222222221,60.214444444444446],[93.84916666666666,60.19833333333333],[93.83472222222221,60.18277777777777],[93.81944444444444,60.16722222222222],[93.80277777777778,60.15222222222222],[93.785,60.1375],[93.76638888888888,60.12305555555555],[93.74638888888889,60.10916666666667],[93.72555555555556,60.095555555555556],[93.70361111111112,60.08222222222223],[93.68055555555556,60.06944444444445],[93.65666666666667,60.05694444444444],[93.63194444444444,60.044999999999995],[93.6061111111111,60.03361111111111],[93.57972222222222,60.022777777777776],[93.5525,60.01222222222222],[93.52416666666666,60.0025],[93.49555555555555,59.99305555555556],[93.46611111111112,59.98416666666667],[93.43583333333333,59.976111111111116],[93.40527777777778,59.968333333333334],[93.37388888888889,59.961111111111116],[93.34222222222222,59.95472222222222],[93.31,59.94888888888889],[93.27722222222222,59.94361111111111],[93.24444444444444,59.93888888888888],[93.21111111111111,59.934999999999995],[93.17750000000001,59.931666666666665],[93.14361111111111,59.928888888888885],[93.10972222222222,59.92666666666666],[93.07555555555555,59.92527777777777],[93.04138888888889,59.92444444444444],[93.00694444444444,59.92444444444444],[92.97277777777778,59.925],[92.93861111111111,59.92611111111111],[92.90444444444445,59.92777777777778],[92.87055555555555,59.930277777777775],[92.83694444444444,59.93333333333333],[92.80361111111111,59.93722222222222],[92.77027777777778,59.94138888888889],[92.7375,59.94638888888888],[92.705,59.95194444444445],[92.67305555555556,59.958333333333336],[92.64166666666668,59.965],[92.61083333333333,59.972500000000004],[92.58027777777778,59.980555555555554],[92.55055555555555,59.98916666666667],[92.5213888888889,59.99805555555556],[92.49305555555556,60.007777777777775],[92.46527777777779,60.018055555555556],[92.43861111111111,60.02861111111111],[92.41250000000001,60.04],[92.38722222222223,60.05166666666666],[92.36305555555555,60.06388888888888],[92.33972222222222,60.07638888888889],[92.31722222222221,60.089444444444446],[92.29583333333333,60.10305555555556],[92.27555555555556,60.11694444444444],[92.25611111111111,60.13111111111111],[92.23805555555556,60.14555555555555],[92.22083333333333,60.160555555555554],[92.205,60.17583333333333],[92.19027777777778,60.19138888888889],[92.17666666666668,60.20722222222223],[92.16416666666667,60.223333333333336],[92.15305555555557,60.239444444444445],[92.14305555555556,60.25611111111111],[92.13444444444445,60.272777777777776],[92.12722222222222,60.28944444444444],[92.1211111111111,60.30638888888888],[92.11638888888888,60.32333333333334],[92.11305555555555,60.34055555555556],[92.11083333333333,60.35777777777778],[92.11027777777777,60.375],[92.11083333333333,60.39194444444444],[92.1125,60.409166666666664],[92.11583333333333,60.42638888888889],[92.12027777777777,60.44333333333333],[92.1261111111111,60.46027777777778],[92.13333333333334,60.477222222222224],[92.14194444444445,60.49388888888889],[92.15166666666667,60.51027777777778],[92.16277777777778,60.526666666666664],[92.17500000000001,60.54277777777778],[92.18861111111111,60.558611111111105],[92.20361111111112,60.57416666666667],[92.21972222222223,60.589444444444446],[92.23694444444445,60.60444444444445],[92.25527777777778,60.61888888888889],[92.27472222222222,60.63333333333333],[92.29555555555555,60.64722222222222],[92.31722222222221,60.660555555555554],[92.33999999999999,60.67361111111111],[92.36388888888888,60.68611111111111],[92.38861111111112,60.69833333333333],[92.41444444444446,60.71]]]]}},
    {"type":"Feature","properties":{"id":"UN-KL_Tunguska","minFL":20,"maxFL":79},"geometry":{"type":"MultiPolygon","coordinates":[[[[89.04944444444445,61.49305555555556],[89.07638888888889,61.44777777777777],[89.11305555555555,61.403888888888886],[89.1588888888889,61.36222222222222],[89.21333333333334,61.32277777777778],[89.2761111111111,61.28638888888889],[89.3461111111111,61.25361111111111],[89.42277777777778,61.22416666666667],[89.50555555555556,61.19888888888889],[89.59305555555555,61.177499999999995],[89.68444444444445,61.16083333333333],[89.77888888888889,61.14888888888889],[89.87555555555555,61.141666666666666],[89.97305555555556,61.13916666666667],[90.07083333333333,61.141666666666666],[90.1675,61.14888888888889],[90.26194444444444,61.16083333333333],[90.35333333333332,61.177499999999995],[90.44083333333333,61.19888888888889],[90.52361111111111,61.22416666666667],[90.60027777777778,61.25361111111111],[90.67027777777778,61.28638888888889],[90.73305555555555,61.32277777777778],[90.7875,61.36222222222222],[90.7875,61.36222222222222],[90.83333333333333,61.403888888888886],[90.86999999999999,61.44777777777777],[90.89694444444446,61.49305555555556],[90.91361111111112,61.53944444444444],[90.92027777777778,61.586666666666666],[90.91666666666667,61.63361111111111],[90.9025,61.680277777777775],[90.87805555555555,61.726111111111116],[90.8436111111111,61.77027777777778],[90.79944444444445,61.812777777777775],[90.7461111111111,61.8525],[90.68388888888889,61.88972222222222],[90.61388888888888,61.92333333333333],[90.53666666666666,61.95333333333333],[90.45277777777778,61.97944444444445],[90.36361111111111,62.00111111111111],[90.27,62.018055555555556],[90.17305555555556,62.03055555555555],[90.0736111111111,62.03805555555555],[89.97305555555556,62.04055555555556],[89.87277777777777,62.03805555555555],[89.77333333333333,62.03055555555555],[89.6763888888889,62.018055555555556],[89.58277777777778,62.00111111111111],[89.49361111111111,61.97944444444445],[89.40972222222223,61.95333333333333],[89.3325,61.92333333333333],[89.2625,61.88972222222222],[89.20027777777779,61.8525],[89.14694444444446,61.812777777777775],[89.10277777777777,61.77027777777778],[89.06833333333333,61.726111111111116],[89.04388888888889,61.680277777777775],[89.02972222222222,61.63361111111111],[89.0261111111111,61.586666666666666],[89.03277777777778,61.53944444444444],[89.04944444444445,61.49305555555556]]]]}},
    {"type":"Feature","properties":{"id":"UN-KL_Yeniseisk","minFL":20,"maxFL":69},"geometry":{"type":"MultiPolygon","coordinates":[[[[92.61749999999999,58.837500000000006],[92.72027777777778,58.79111111111111],[92.80777777777777,58.73694444444445],[92.87833333333333,58.67638888888889],[92.93,58.61083333333333],[92.96138888888889,58.54222222222222],[92.97222222222223,58.47166666666667],[92.96138888888889,58.40138888888889],[92.93,58.33305555555556],[92.87833333333333,58.268055555555556],[92.80777777777777,58.208333333333336],[92.72027777777778,58.155277777777776],[92.61749999999999,58.109722222222224],[92.5025,58.07333333333334],[92.37777777777777,58.04666666666667],[92.37777777777777,58.04666666666667],[92.24666666666667,58.030277777777776],[92.11222222222221,58.025],[91.9775,58.030277777777776],[91.84638888888888,58.04666666666667],[91.72166666666666,58.07333333333334],[91.60666666666665,58.109722222222224],[91.5038888888889,58.155277777777776],[91.41638888888889,58.208333333333336],[91.34583333333333,58.268055555555556],[91.29416666666667,58.33305555555556],[91.26277777777777,58.40138888888889],[91.25194444444445,58.47166666666667],[91.26277777777777,58.54222222222222],[91.29416666666667,58.61083333333333],[91.34583333333333,58.67638888888889],[91.41638888888889,58.73694444444445],[91.5038888888889,58.79111111111111],[91.60666666666665,58.837500000000006],[91.72166666666666,58.874722222222225],[91.84638888888888,58.901944444444446],[91.9775,58.91861111111111],[92.11222222222221,58.924166666666665],[92.24666666666667,58.91861111111111],[92.37777777777777,58.901944444444446],[92.5025,58.874722222222225],[92.61749999999999,58.837500000000006]]]]}},
    {"type":"Feature","properties":{"id":"UN-KL_Baykit","minFL":20,"maxFL":99},"geometry":{"type":"MultiPolygon","coordinates":[[[[95.67055555555557,61.36833333333333],[95.69555555555556,61.35611111111111],[95.72194444444445,61.344166666666666],[95.74888888888889,61.33305555555556],[95.77694444444444,61.32222222222222],[95.80555555555556,61.31194444444444],[95.835,61.302499999999995],[95.86527777777778,61.29333333333333],[95.89611111111111,61.28472222222222],[95.92777777777778,61.276666666666664],[95.96000000000001,61.26916666666666],[95.99277777777777,61.26222222222222],[96.0261111111111,61.25611111111111],[96.05972222222222,61.250277777777775],[96.09388888888888,61.24527777777778],[96.12833333333333,61.240833333333335],[96.16305555555556,61.23722222222222],[96.19805555555556,61.23388888888889],[96.23333333333333,61.231388888888894],[96.26888888888888,61.22972222222222],[96.30444444444444,61.22833333333333],[96.33999999999999,61.22777777777778],[96.37583333333333,61.22805555555556],[96.4113888888889,61.228611111111114],[96.44694444444445,61.230000000000004],[96.4825,61.23222222222223],[96.5175,61.234722222222224],[96.5525,61.238055555555555],[96.58722222222222,61.24194444444444],[96.62166666666666,61.24666666666667],[96.65583333333333,61.251666666666665],[96.68944444444445,61.2575],[96.7225,61.263888888888886],[96.755,61.27111111111111],[96.78694444444444,61.27861111111111],[96.81833333333333,61.286944444444444],[96.84916666666666,61.29555555555555],[96.87916666666666,61.305],[96.90861111111111,61.31472222222222],[96.93722222222223,61.325],[96.96472222222222,61.336111111111116],[96.99166666666667,61.347500000000004],[97.0175,61.35916666666667],[97.0425,61.37166666666667],[97.06638888888888,61.38444444444444],[97.08944444444444,61.3975],[97.11138888888888,61.41111111111111],[97.13222222222221,61.425],[97.15194444444445,61.43944444444444],[97.17055555555557,61.45416666666667],[97.18805555555556,61.469166666666666],[97.20416666666667,61.48444444444444],[97.21916666666667,61.500277777777775],[97.23277777777778,61.51611111111111],[97.24527777777777,61.532222222222224],[97.25638888888889,61.54861111111111],[97.26638888888888,61.565],[97.27472222222222,61.581944444444446],[97.28194444444445,61.59861111111111],[97.28777777777778,61.61555555555556],[97.29222222222222,61.632777777777775],[97.29555555555555,61.64972222222222],[97.29722222222222,61.66694444444444],[97.2975,61.68416666666666],[97.29638888888888,61.70138888888889],[97.29388888888889,61.718611111111116],[97.29027777777777,61.73555555555556],[97.285,61.7525],[97.27833333333334,61.769444444444446],[97.27055555555556,61.78638888888889],[97.2611111111111,61.80277777777778],[97.25055555555555,61.81944444444445],[97.23861111111111,61.83555555555556],[97.22527777777778,61.85166666666667],[97.21055555555556,61.867222222222225],[97.19472222222223,61.882777777777775],[97.17750000000001,61.89805555555556],[97.15916666666668,61.91277777777778],[97.13944444444445,61.92722222222222],[97.11861111111111,61.94138888888889],[97.09694444444445,61.955000000000005],[97.07388888888889,61.968333333333334],[97.04972222222221,61.981388888888894],[97.02444444444444,61.99388888888889],[96.99833333333333,62.005833333333335],[96.97111111111111,62.01722222222222],[96.94277777777778,62.02833333333333],[96.91388888888889,62.03861111111111],[96.88388888888889,62.04861111111111],[96.85333333333332,62.058055555555555],[96.82194444444444,62.066944444444445],[96.78972222222222,62.075],[96.75694444444444,62.08277777777778],[96.72333333333333,62.08972222222222],[96.68944444444445,62.096111111111114],[96.655,62.10194444444445],[96.61999999999999,62.10722222222223],[96.58444444444444,62.111666666666665],[96.54888888888888,62.11555555555556],[96.54888888888888,62.11555555555556],[96.51277777777777,62.11888888888889],[96.47638888888889,62.12138888888889],[96.44,62.123333333333335],[96.40333333333334,62.124722222222225],[96.36666666666666,62.125277777777775],[96.33,62.125],[96.29333333333334,62.12444444444444],[96.25666666666666,62.12277777777778],[96.22027777777778,62.12083333333334],[96.18388888888889,62.11805555555556],[96.14805555555556,62.11472222222223],[96.1125,62.11055555555556],[96.07722222222222,62.10583333333334],[96.04222222222222,62.10055555555556],[96.00777777777778,62.09444444444445],[95.9738888888889,62.088055555555556],[95.94083333333333,62.08083333333334],[95.90805555555556,62.073055555555555],[95.8761111111111,62.06444444444444],[95.84472222222222,62.05555555555555],[95.81444444444445,62.04611111111111],[95.78472222222221,62.03611111111111],[95.75583333333333,62.025277777777774],[95.72805555555556,62.01416666666667],[95.70111111111112,62.0025],[95.67527777777778,61.99055555555556],[95.65027777777779,61.97805555555556],[95.62638888888888,61.965],[95.6036111111111,61.95138888888889],[95.58194444444445,61.937777777777775],[95.56138888888889,61.92333333333333],[95.54222222222222,61.90888888888889],[95.52416666666666,61.89388888888889],[95.50722222222223,61.87861111111111],[95.49166666666667,61.863055555555555],[95.4775,61.84722222222222],[95.46444444444445,61.83111111111111],[95.45305555555557,61.815],[95.44250000000001,61.79861111111111],[95.43361111111112,61.78194444444444],[95.42611111111111,61.765],[95.42,61.74805555555556],[95.415,61.73111111111111],[95.41166666666668,61.71388888888889],[95.40944444444445,61.696666666666665],[95.4088888888889,61.67944444444444],[95.40944444444445,61.6625],[95.41166666666668,61.64527777777778],[95.415,61.628055555555555],[95.42,61.611111111111114],[95.42611111111111,61.594166666666666],[95.43361111111112,61.577222222222225],[95.44250000000001,61.56055555555555],[95.45277777777778,61.54416666666666],[95.46444444444445,61.52777777777778],[95.47722222222222,61.511944444444445],[95.49111111111111,61.49611111111111],[95.50638888888889,61.480555555555554],[95.52305555555556,61.46527777777778],[95.54083333333332,61.45027777777778],[95.55972222222222,61.43555555555555],[95.57972222222222,61.421388888888885],[95.60083333333333,61.4075],[95.62305555555555,61.39388888888889],[95.64611111111111,61.380833333333335],[95.67055555555557,61.36833333333333]]]]}},
    {"type":"Feature","properties":{"id":"UN-KL_Shyshenskoe","minFL":20,"maxFL":69},"geometry":{"type":"MultiPolygon","coordinates":[[[[91.55,53.416666666666664],[92.12166666666666,53.62027777777778],[92.12166666666666,53.62027777777778],[92.3,53.68333333333333],[92.39166666666668,53.266666666666666],[92.43305555555555,53.14722222222222],[92.43305555555555,53.14722222222222],[91.96666666666667,53.03333333333333],[91.96666666666667,53.03333333333333],[91.65833333333335,53.31777777777778],[91.55,53.416666666666664]]]]}}
  ]
}